Domain,Method,Path,Controller/action,Required middleware,Required capability,Required headers,row_version / mutation contract,Idempotency-Key,Feature flag/gate,Day-1 relevance,customer-web status,staff-web status,Gap severity,Required work,Source paths
Auth / Identity / RBAC,POST,/api/v1/auth/customer/login,CustomerAuthController@login,Throttle or auth middleware per routes/api/auth.php,staff: StaffApiKey/refresh session where applicable,X-Customer-Token or X-Staff-Key after login,No,No route idempotency marker,none,YES,DONE,NOT_APPLICABLE,LOW,Add/maintain live session restore and expiry smoke.,routes/api/auth.php; customer-web/src/lib/api/sdk-client.ts; staff-web/src/shared/api/http.ts
Auth / Identity / RBAC,GET,/api/v1/auth/customer/me,CustomerAuthController@me,Throttle or auth middleware per routes/api/auth.php,staff: StaffApiKey/refresh session where applicable,X-Customer-Token or X-Staff-Key after login,No,No route idempotency marker,none,YES,DONE,NOT_APPLICABLE,LOW,Add/maintain live session restore and expiry smoke.,routes/api/auth.php; customer-web/src/lib/api/sdk-client.ts; staff-web/src/shared/api/http.ts
Auth / Identity / RBAC,POST,/api/v1/auth/customer/refresh,CustomerAuthController@refresh,Throttle or auth middleware per routes/api/auth.php,staff: StaffApiKey/refresh session where applicable,X-Customer-Token or X-Staff-Key after login,No,No route idempotency marker,none,YES,DONE,NOT_APPLICABLE,LOW,Add/maintain live session restore and expiry smoke.,routes/api/auth.php; customer-web/src/lib/api/sdk-client.ts; staff-web/src/shared/api/http.ts
Auth / Identity / RBAC,POST,/api/v1/auth/customer/logout,CustomerAuthController@logout,Throttle or auth middleware per routes/api/auth.php,staff: StaffApiKey/refresh session where applicable,X-Customer-Token or X-Staff-Key after login,No,No route idempotency marker,none,YES,DONE,NOT_APPLICABLE,LOW,Add/maintain live session restore and expiry smoke.,routes/api/auth.php; customer-web/src/lib/api/sdk-client.ts; staff-web/src/shared/api/http.ts
Auth / Identity / RBAC,POST,/api/v1/auth/staff/login,StaffAuthController@login,Throttle or auth middleware per routes/api/auth.php,staff: StaffApiKey/refresh session where applicable,X-Customer-Token or X-Staff-Key after login,No,No route idempotency marker,none,YES,NOT_APPLICABLE,DONE,LOW,Add/maintain live session restore and expiry smoke.,routes/api/auth.php; customer-web/src/lib/api/sdk-client.ts; staff-web/src/shared/api/http.ts
Auth / Identity / RBAC,GET,/api/v1/auth/staff/me,StaffAuthController@me,Throttle or auth middleware per routes/api/auth.php,staff: StaffApiKey/refresh session where applicable,X-Customer-Token or X-Staff-Key after login,No,No route idempotency marker,none,YES,NOT_APPLICABLE,DONE,LOW,Add/maintain live session restore and expiry smoke.,routes/api/auth.php; customer-web/src/lib/api/sdk-client.ts; staff-web/src/shared/api/http.ts
Auth / Identity / RBAC,POST,/api/v1/auth/staff/refresh,StaffAuthController@refresh,Throttle or auth middleware per routes/api/auth.php,staff: StaffApiKey/refresh session where applicable,X-Customer-Token or X-Staff-Key after login,No,No route idempotency marker,none,YES,NOT_APPLICABLE,DONE,LOW,Add/maintain live session restore and expiry smoke.,routes/api/auth.php; customer-web/src/lib/api/sdk-client.ts; staff-web/src/shared/api/http.ts
Auth / Identity / RBAC,POST,/api/v1/auth/staff/logout,StaffAuthController@logout,Throttle or auth middleware per routes/api/auth.php,staff: StaffApiKey/refresh session where applicable,X-Customer-Token or X-Staff-Key after login,No,No route idempotency marker,none,YES,NOT_APPLICABLE,DONE,LOW,Add/maintain live session restore and expiry smoke.,routes/api/auth.php; customer-web/src/lib/api/sdk-client.ts; staff-web/src/shared/api/http.ts
Customer menu/catalog,GET,/api/v1/menu/categories,MenuCatalogController@categories,none,N/A customer unless staff access via CustomerOrStaff,X-Customer-Token and/or X-Session-Id per contract,No,No,none,YES,DONE,NOT_APPLICABLE,LOW,Keep browse default-on.,routes/api/customer_self_service.php; customer-web/src/lib/config/support-matrix.ts; customer-web/src/lib/api/sdk-client.ts
Customer menu/catalog,GET,/api/v1/menu/items,MenuCatalogController@items,none,N/A customer unless staff access via CustomerOrStaff,X-Customer-Token and/or X-Session-Id per contract,No,No,none,YES,DONE,NOT_APPLICABLE,LOW,Keep browse default-on.,routes/api/customer_self_service.php; customer-web/src/lib/config/support-matrix.ts; customer-web/src/lib/api/sdk-client.ts
Customer menu/catalog,GET,/api/v1/menu/items/{id},MenuCatalogController@show,none,N/A customer unless staff access via CustomerOrStaff,X-Customer-Token and/or X-Session-Id per contract,No,No,menu detail FE flag default true,YES,DONE,NOT_APPLICABLE,LOW,Verify item detail UI and empty state.,routes/api/customer_self_service.php; customer-web/src/lib/config/support-matrix.ts; customer-web/src/lib/api/sdk-client.ts
Customer preorder,POST,/api/v1/menu/preorder/preview,MenuCatalogController@previewPreorder,none,N/A customer unless staff access via CustomerOrStaff,X-Customer-Token and/or X-Session-Id per contract,No,Recommended by adapter,NEXT_PUBLIC_FEATURE_PREORDER,NO,GATED/DONE,NOT_APPLICABLE,LOW,Gated preview UI and tests added; run live UAT before enabling rollout.,routes/api/customer_self_service.php; customer-web/src/lib/config/support-matrix.ts; customer-web/src/lib/api/sdk-client.ts; customer-web/src/features/preorder/api.test.ts; customer-web/src/features/preorder/preorder-panel.test.tsx
Loyalty,GET,/api/v1/me/loyalty,LoyaltySummaryController@show,CustomerOrStaffMiddleware,N/A customer unless staff access via CustomerOrStaff,X-Customer-Token and/or X-Session-Id per contract,No,No,NEXT_PUBLIC_FEATURE_ACCOUNT_BENEFITS,NO,GATED/PARTIAL,NOT_APPLICABLE,MEDIUM,Complete gated wallet UI/live proof.,routes/api/customer_self_service.php; customer-web/src/lib/config/support-matrix.ts; customer-web/src/lib/api/sdk-client.ts
Vouchers/promotions,GET,/api/v1/me/vouchers,BenefitsController@vouchers,CustomerOrStaffMiddleware,N/A customer unless staff access via CustomerOrStaff,X-Customer-Token and/or X-Session-Id per contract,No,No,NEXT_PUBLIC_FEATURE_ACCOUNT_BENEFITS,NO,GATED/PARTIAL,NOT_APPLICABLE,MEDIUM,Complete gated voucher wallet UI/live proof.,routes/api/customer_self_service.php; customer-web/src/lib/config/support-matrix.ts; customer-web/src/lib/api/sdk-client.ts
Privacy/data export/audit,GET,/api/v1/me/data-export,PrivacyRequestController@export,CustomerOrStaffMiddleware,N/A customer unless staff access via CustomerOrStaff,X-Customer-Token and/or X-Session-Id per contract,No,No,NEXT_PUBLIC_FEATURE_DATA_EXPORT,NO,GATED/PARTIAL,NOT_APPLICABLE,MEDIUM,Complete gated data export UI.,routes/api/customer_self_service.php; customer-web/src/lib/config/support-matrix.ts; customer-web/src/lib/api/sdk-client.ts
Privacy/data export/audit,GET,/api/v1/me/privacy-requests,PrivacyRequestController@index,CustomerOrStaffMiddleware,N/A customer unless staff access via CustomerOrStaff,X-Customer-Token and/or X-Session-Id per contract,No,No,NEXT_PUBLIC_FEATURE_PRIVACY_TOOLS,NO,GATED/PARTIAL,NOT_APPLICABLE,MEDIUM,Complete gated privacy request list.,routes/api/customer_self_service.php; customer-web/src/lib/config/support-matrix.ts; customer-web/src/lib/api/sdk-client.ts
Privacy/data export/audit,POST,/api/v1/me/privacy-requests,PrivacyRequestController@store,CustomerOrStaffMiddleware + idempotency,N/A customer unless staff access via CustomerOrStaff,X-Customer-Token and/or X-Session-Id per contract,No,Required,NEXT_PUBLIC_FEATURE_PRIVACY_TOOLS,NO,GATED/PARTIAL,NOT_APPLICABLE,MEDIUM,Complete idempotent privacy request create UI.,routes/api/customer_self_service.php; customer-web/src/lib/config/support-matrix.ts; customer-web/src/lib/api/sdk-client.ts
Reservation create/list/detail/cancel/reschedule,GET,/api/v1/reservations,ReservationSelfServiceController@index,CustomerOrStaffMiddleware,N/A customer unless staff access via CustomerOrStaff,X-Customer-Token and/or X-Session-Id per contract,No,No,none,YES,DONE,NOT_APPLICABLE,LOW,Run live list proof.,routes/api/customer_self_service.php; customer-web/src/lib/config/support-matrix.ts; customer-web/src/lib/api/sdk-client.ts
Reservation create/list/detail/cancel/reschedule,POST,/api/v1/reservations/{id}/cancel,ReservationSelfServiceController@cancel,CustomerOrStaffMiddleware + idempotency,N/A customer unless staff access via CustomerOrStaff,X-Customer-Token and/or X-Session-Id per contract,body.row_version required,Required,contract-visible not day1 promised,NO core,PARTIAL,NOT_APPLICABLE,MEDIUM,Promote only after live stale-write proof.,routes/api/customer_self_service.php; customer-web/src/lib/config/support-matrix.ts; customer-web/src/lib/api/sdk-client.ts
Reservation create/list/detail/cancel/reschedule,POST,/api/v1/reservations/{id}/reschedule,ReservationSelfServiceController@reschedule,CustomerOrStaffMiddleware + idempotency,N/A customer unless staff access via CustomerOrStaff,X-Customer-Token and/or X-Session-Id per contract,body.row_version required,Required,contract-visible not day1 promised,NO core,PARTIAL,NOT_APPLICABLE,MEDIUM,Promote only after live stale-write proof.,routes/api/customer_self_service.php; customer-web/src/lib/config/support-matrix.ts; customer-web/src/lib/api/sdk-client.ts
Customer preorder,GET,/api/v1/reservations/{id}/preorder,CustomerReservationPreorderController@show,CustomerOrStaffMiddleware,N/A customer unless staff access via CustomerOrStaff,X-Customer-Token and/or X-Session-Id per contract,No,No,NEXT_PUBLIC_FEATURE_PREORDER,NO,GATED/DONE,NOT_APPLICABLE,LOW,Gated show/empty state covered; run live UAT before enabling rollout.,routes/api/customer_self_service.php; customer-web/src/lib/config/support-matrix.ts; customer-web/src/lib/api/sdk-client.ts; customer-web/src/features/preorder/api.test.ts; customer-web/src/features/preorder/preorder-panel.test.tsx
Customer preorder,POST,/api/v1/reservations/{id}/preorder/preview,CustomerReservationPreorderController@preview,CustomerOrStaffMiddleware,N/A customer unless staff access via CustomerOrStaff,X-Customer-Token and/or X-Session-Id per contract,No,No/Recommended,NEXT_PUBLIC_FEATURE_PREORDER,NO,GATED/DONE,NOT_APPLICABLE,LOW,Gated preview totals and validation covered; run live UAT before enabling rollout.,routes/api/customer_self_service.php; customer-web/src/lib/config/support-matrix.ts; customer-web/src/lib/api/sdk-client.ts; customer-web/src/features/preorder/api.test.ts; customer-web/src/features/preorder/preorder-panel.test.tsx
Customer preorder,PUT,/api/v1/reservations/{id}/preorder,CustomerReservationPreorderController@replace,CustomerOrStaffMiddleware + idempotency,N/A customer unless staff access via CustomerOrStaff,X-Customer-Token and/or X-Session-Id per contract,body.row_version required; pre_order_row_version conditional,Required,NEXT_PUBLIC_FEATURE_PREORDER,NO,GATED/DONE,NOT_APPLICABLE,LOW,Replace sends reservation/preorder row versions and idempotency; run live UAT before rollout.,routes/api/customer_self_service.php; customer-web/src/lib/config/support-matrix.ts; customer-web/src/lib/api/sdk-client.ts; customer-web/src/features/preorder/api.test.ts; customer-web/src/features/preorder/preorder-panel.test.tsx
Customer preorder,DELETE,/api/v1/reservations/{id}/preorder,CustomerReservationPreorderController@clear,CustomerOrStaffMiddleware + idempotency,N/A customer unless staff access via CustomerOrStaff,X-Customer-Token and/or X-Session-Id per contract,query.row_version required; pre_order_row_version conditional,Required,NEXT_PUBLIC_FEATURE_PREORDER,NO,GATED/DONE,NOT_APPLICABLE,LOW,Clear sends reservation/preorder row versions and idempotency; run live UAT before rollout.,routes/api/customer_self_service.php; customer-web/src/lib/config/support-matrix.ts; customer-web/src/lib/api/sdk-client.ts; customer-web/src/features/preorder/api.test.ts; customer-web/src/features/preorder/preorder-panel.test.tsx
Customer deposit preview/payment sessions,GET,/api/v1/reservations/{id}/deposit-preview,CustomerReservationDepositController@show,CustomerOrStaffMiddleware,N/A customer unless staff access via CustomerOrStaff,X-Customer-Token and/or X-Session-Id per contract,No,No,live-conditional,NO payment,PARTIAL,PARTIAL,MEDIUM,Keep truthful preview; do not mark self-pay launch-ready.,routes/api/customer_self_service.php; customer-web/src/lib/config/support-matrix.ts; customer-web/src/lib/api/sdk-client.ts
Customer deposit preview/payment sessions,POST,/api/v1/reservations/{id}/deposit/acknowledge,CustomerReservationDepositController@acknowledge,CustomerOrStaffMiddleware + idempotency,N/A customer unless staff access via CustomerOrStaff,X-Customer-Token and/or X-Session-Id per contract,body.row_version required,Required,live-conditional,NO payment,PARTIAL,PARTIAL,HIGH,Provider/session proof and stale-write test.,routes/api/customer_self_service.php; customer-web/src/lib/config/support-matrix.ts; customer-web/src/lib/api/sdk-client.ts
Customer deposit preview/payment sessions,POST,/api/v1/reservations/{id}/deposit/intent,CustomerReservationDepositController@submitIntent,CustomerOrStaffMiddleware + idempotency,N/A customer unless staff access via CustomerOrStaff,X-Customer-Token and/or X-Session-Id per contract,body.row_version required,Required,live-conditional,NO payment,PARTIAL,PARTIAL,HIGH,Provider/session proof and stale-write test.,routes/api/customer_self_service.php; customer-web/src/lib/config/support-matrix.ts; customer-web/src/lib/api/sdk-client.ts
Customer deposit preview/payment sessions,POST,/api/v1/reservations/{id}/deposit/intent/revoke,CustomerReservationDepositController@revokeIntent,CustomerOrStaffMiddleware + idempotency,N/A customer unless staff access via CustomerOrStaff,X-Customer-Token and/or X-Session-Id per contract,body.row_version required,Required,live-conditional,NO payment,PARTIAL,PARTIAL,HIGH,Provider/session proof and stale-write test.,routes/api/customer_self_service.php; customer-web/src/lib/config/support-matrix.ts; customer-web/src/lib/api/sdk-client.ts
Customer deposit preview/payment sessions,POST,/api/v1/reservations/{reservation_id}/deposit/payment-sessions,ReservationDepositPaymentController@store,CustomerOrStaffMiddleware + idempotency,N/A customer unless staff access via CustomerOrStaff,X-Customer-Token and/or X-Session-Id per contract,body.row_version required,Required,provider posture,NO,PARTIAL,PARTIAL,HIGH,Add guarded provider posture UI/live proof.,routes/api/customer_self_service.php; customer-web/src/lib/config/support-matrix.ts; customer-web/src/lib/api/sdk-client.ts
Customer deposit preview/payment sessions,GET,/api/v1/reservations/{reservation_id}/deposit/payment-sessions/{session_id},ReservationDepositPaymentController@show,CustomerOrStaffMiddleware,N/A customer unless staff access via CustomerOrStaff,X-Customer-Token and/or X-Session-Id per contract,No,No,provider posture,NO,PARTIAL,PARTIAL,MEDIUM,Add session status UI/live proof.,routes/api/customer_self_service.php; customer-web/src/lib/config/support-matrix.ts; customer-web/src/lib/api/sdk-client.ts
Customer deposit preview/payment sessions,POST,/api/v1/reservations/{reservation_id}/deposit/payment-sessions/{session_id}/refresh,ReservationDepositPaymentController@refresh,CustomerOrStaffMiddleware + idempotency,N/A customer unless staff access via CustomerOrStaff,X-Customer-Token and/or X-Session-Id per contract,body.row_version required,Required,provider posture,NO,PARTIAL,PARTIAL,HIGH,Add refresh conflict/status proof.,routes/api/customer_self_service.php; customer-web/src/lib/config/support-matrix.ts; customer-web/src/lib/api/sdk-client.ts
Customer deposit preview/payment sessions,POST,/api/v1/reservations/{reservation_id}/deposit/payment-sessions/{session_id}/confirm,ReservationDepositPaymentController@confirm,CustomerOrStaffMiddleware + idempotency,N/A customer unless staff access via CustomerOrStaff,X-Customer-Token and/or X-Session-Id per contract,body.row_version required,Required,provider posture,NO,PARTIAL,PARTIAL,HIGH,Add confirm and webhook/provider proof.,routes/api/customer_self_service.php; customer-web/src/lib/config/support-matrix.ts; customer-web/src/lib/api/sdk-client.ts
Vouchers/promotions + loyalty,GET,/api/v1/reservations/{id}/benefits-preview,BenefitsController@reservationBenefitsPreview,CustomerOrStaffMiddleware,N/A customer unless staff access via CustomerOrStaff,X-Customer-Token and/or X-Session-Id per contract,No,No,NEXT_PUBLIC_FEATURE_ACCOUNT_BENEFITS,NO,GATED/PARTIAL,PARTIAL,MEDIUM,Complete gated benefits preview.,routes/api/customer_self_service.php; customer-web/src/lib/config/support-matrix.ts; customer-web/src/lib/api/sdk-client.ts
Vouchers/promotions + loyalty,POST,/api/v1/reservations/{id}/voucher/apply,ReservationBenefitsActionController@applyVoucher,CustomerOrStaffMiddleware + idempotency,N/A customer unless staff access via CustomerOrStaff,X-Customer-Token and/or X-Session-Id per contract,body.row_version required,Required,NEXT_PUBLIC_FEATURE_ACCOUNT_BENEFITS,NO,GATED/PARTIAL,PARTIAL,HIGH,Implement/apply row_version refresh and conflict UX.,routes/api/customer_self_service.php; customer-web/src/lib/config/support-matrix.ts; customer-web/src/lib/api/sdk-client.ts
Vouchers/promotions + loyalty,POST,/api/v1/reservations/{id}/voucher/remove,ReservationBenefitsActionController@removeVoucher,CustomerOrStaffMiddleware + idempotency,N/A customer unless staff access via CustomerOrStaff,X-Customer-Token and/or X-Session-Id per contract,body.row_version required,Required,NEXT_PUBLIC_FEATURE_ACCOUNT_BENEFITS,NO,GATED/PARTIAL,PARTIAL,HIGH,Implement/remove row_version refresh and conflict UX.,routes/api/customer_self_service.php; customer-web/src/lib/config/support-matrix.ts; customer-web/src/lib/api/sdk-client.ts
Vouchers/promotions + loyalty,POST,/api/v1/reservations/{id}/loyalty/redeem,ReservationLoyaltyController@redeem,CustomerOrStaffMiddleware + idempotency,N/A customer unless staff access via CustomerOrStaff,X-Customer-Token and/or X-Session-Id per contract,body.row_version required,Required,NEXT_PUBLIC_FEATURE_ACCOUNT_BENEFITS,NO,GATED/PARTIAL,PARTIAL,HIGH,Implement/redeem row_version refresh and conflict UX.,routes/api/customer_self_service.php; customer-web/src/lib/config/support-matrix.ts; customer-web/src/lib/api/sdk-client.ts
Vouchers/promotions + loyalty,POST,/api/v1/reservations/{id}/loyalty/redeem/release,ReservationLoyaltyController@release,CustomerOrStaffMiddleware + idempotency,N/A customer unless staff access via CustomerOrStaff,X-Customer-Token and/or X-Session-Id per contract,body.row_version required,Required,NEXT_PUBLIC_FEATURE_ACCOUNT_BENEFITS,NO,GATED/PARTIAL,PARTIAL,HIGH,Implement/release row_version refresh and conflict UX.,routes/api/customer_self_service.php; customer-web/src/lib/config/support-matrix.ts; customer-web/src/lib/api/sdk-client.ts
Bill/active order/self-pay,GET,/api/v1/reservations/{reservation_id}/bill,ReservationBillController@show,CustomerOrStaffMiddleware,N/A customer unless staff access via CustomerOrStaff,X-Customer-Token and/or X-Session-Id per contract,No,No,live-conditional,NO customer self-pay,PARTIAL,DONE/PARTIAL,MEDIUM,Read-only bill visibility proof.,routes/api/customer_self_service.php; customer-web/src/lib/config/support-matrix.ts; customer-web/src/lib/api/sdk-client.ts
Bill/active order/self-pay,GET,/api/v1/reservations/{reservation_id}/active-order,ReservationBillController@activeOrder,CustomerOrStaffMiddleware,N/A customer unless staff access via CustomerOrStaff,X-Customer-Token and/or X-Session-Id per contract,No,No,live-conditional,NO customer self-pay,PARTIAL,DONE/PARTIAL,MEDIUM,Read-only active order proof.,routes/api/customer_self_service.php; customer-web/src/lib/config/support-matrix.ts; customer-web/src/lib/api/sdk-client.ts
Bill/active order/self-pay,GET,/api/v1/reservations/{reservation_id}/bill-preview,ReservationBillController@billPreview,CustomerOrStaffMiddleware,N/A customer unless staff access via CustomerOrStaff,X-Customer-Token and/or X-Session-Id per contract,No,No,live-conditional,NO customer self-pay,PARTIAL,DONE/PARTIAL,MEDIUM,Read-only bill preview proof.,routes/api/customer_self_service.php; customer-web/src/lib/config/support-matrix.ts; customer-web/src/lib/api/sdk-client.ts
Bill/active order/self-pay,POST,/api/v1/reservations/{reservation_id}/bill/payment-sessions,ReservationBillPaymentController@store,CustomerOrStaffMiddleware + idempotency,N/A customer unless staff access via CustomerOrStaff,X-Customer-Token and/or X-Session-Id per contract,body.row_version required,Required,customer.bill_self_payment false prod-like,NO,PARTIAL/GATED,DONE/PARTIAL,HIGH,Keep disabled until provider/staff settlement evidence.,routes/api/customer_self_service.php; customer-web/src/lib/config/support-matrix.ts; customer-web/src/lib/api/sdk-client.ts
Bill/active order/self-pay,GET,/api/v1/reservations/{reservation_id}/bill/payment-sessions/{session_id},ReservationBillPaymentController@show,CustomerOrStaffMiddleware,N/A customer unless staff access via CustomerOrStaff,X-Customer-Token and/or X-Session-Id per contract,No,No,customer.bill_self_payment false prod-like,NO,PARTIAL/GATED,DONE/PARTIAL,MEDIUM,Show only behind provider posture.,routes/api/customer_self_service.php; customer-web/src/lib/config/support-matrix.ts; customer-web/src/lib/api/sdk-client.ts
Bill/active order/self-pay,POST,/api/v1/reservations/{reservation_id}/bill/payment-sessions/{session_id}/refresh,ReservationBillPaymentController@refresh,CustomerOrStaffMiddleware + idempotency,N/A customer unless staff access via CustomerOrStaff,X-Customer-Token and/or X-Session-Id per contract,body.row_version required,Required,customer.bill_self_payment false prod-like,NO,PARTIAL/GATED,DONE/PARTIAL,HIGH,Show only behind provider posture.,routes/api/customer_self_service.php; customer-web/src/lib/config/support-matrix.ts; customer-web/src/lib/api/sdk-client.ts
Bill/active order/self-pay,POST,/api/v1/reservations/{reservation_id}/bill/payment-sessions/{session_id}/confirm,ReservationBillPaymentController@confirm,CustomerOrStaffMiddleware + idempotency,N/A customer unless staff access via CustomerOrStaff,X-Customer-Token and/or X-Session-Id per contract,body.row_version required,Required,customer.bill_self_payment false prod-like,NO,PARTIAL/GATED,DONE/PARTIAL,HIGH,Show only behind provider posture.,routes/api/customer_self_service.php; customer-web/src/lib/config/support-matrix.ts; customer-web/src/lib/api/sdk-client.ts
Waiting list customer + staff coordination,GET,/api/v1/waiting-list,CustomerWaitlistController@index,require.redis,N/A customer unless staff access via CustomerOrStaff,X-Customer-Token and/or X-Session-Id per contract,No,No,NEXT_PUBLIC_FEATURE_WAITING_LIST,NO customer,GATED/PARTIAL,PARTIAL,MEDIUM,Complete gated customer waitlist list.,routes/api/customer_self_service.php; customer-web/src/lib/config/support-matrix.ts; customer-web/src/lib/api/sdk-client.ts
Waiting list customer + staff coordination,POST,/api/v1/waiting-list,CustomerWaitlistController@store,require.redis + idempotency,N/A customer unless staff access via CustomerOrStaff,X-Customer-Token and/or X-Session-Id per contract,No,Required,NEXT_PUBLIC_FEATURE_WAITING_LIST,NO customer,GATED/PARTIAL,PARTIAL,HIGH,Complete create with token and idempotency.,routes/api/customer_self_service.php; customer-web/src/lib/config/support-matrix.ts; customer-web/src/lib/api/sdk-client.ts
Waiting list customer + staff coordination,GET,/api/v1/waiting-list/{id},CustomerWaitlistController@show,require.redis,N/A customer unless staff access via CustomerOrStaff,X-Customer-Token and/or X-Session-Id per contract,No,No,NEXT_PUBLIC_FEATURE_WAITING_LIST,NO customer,GATED/PARTIAL,PARTIAL,MEDIUM,Complete detail owner state.,routes/api/customer_self_service.php; customer-web/src/lib/config/support-matrix.ts; customer-web/src/lib/api/sdk-client.ts
Waiting list customer + staff coordination,POST,/api/v1/waiting-list/{id}/accept,CustomerWaitlistController@accept,require.redis + idempotency,N/A customer unless staff access via CustomerOrStaff,X-Customer-Token and/or X-Session-Id per contract,body.row_version required,Required,NEXT_PUBLIC_FEATURE_WAITING_LIST,NO customer,GATED/PARTIAL,PARTIAL,HIGH,Complete owner accept flow.,routes/api/customer_self_service.php; customer-web/src/lib/config/support-matrix.ts; customer-web/src/lib/api/sdk-client.ts
Waiting list customer + staff coordination,POST,/api/v1/waiting-list/{id}/confirm-arrival,CustomerWaitlistController@confirmArrival,require.redis + idempotency,N/A customer unless staff access via CustomerOrStaff,X-Customer-Token and/or X-Session-Id per contract,body.row_version required,Required,NEXT_PUBLIC_FEATURE_WAITING_LIST,NO customer,GATED/PARTIAL,PARTIAL,HIGH,Complete confirm arrival flow.,routes/api/customer_self_service.php; customer-web/src/lib/config/support-matrix.ts; customer-web/src/lib/api/sdk-client.ts
Waiting list customer + staff coordination,POST,/api/v1/waiting-list/{id}/decline,CustomerWaitlistController@decline,require.redis + idempotency,N/A customer unless staff access via CustomerOrStaff,X-Customer-Token and/or X-Session-Id per contract,body.row_version required,Required,NEXT_PUBLIC_FEATURE_WAITING_LIST,NO customer,GATED/PARTIAL,PARTIAL,HIGH,Complete decline flow; staff automation still manual/gated.,routes/api/customer_self_service.php; customer-web/src/lib/config/support-matrix.ts; customer-web/src/lib/api/sdk-client.ts
Waiting list customer + staff coordination,POST,/api/v1/waiting-list/{id}/cancel,CustomerWaitlistController@cancel,require.redis + idempotency,N/A customer unless staff access via CustomerOrStaff,X-Customer-Token and/or X-Session-Id per contract,body.row_version required,Required,NEXT_PUBLIC_FEATURE_WAITING_LIST,NO customer,GATED/PARTIAL,PARTIAL,HIGH,Complete cancel flow.,routes/api/customer_self_service.php; customer-web/src/lib/config/support-matrix.ts; customer-web/src/lib/api/sdk-client.ts
Table availability,GET,/api/v1/tables/available,TableAvailabilityController@available,require.redis + redis throttle,N/A customer unless staff access via CustomerOrStaff,X-Customer-Token and/or X-Session-Id per contract,No,No,NEXT_PUBLIC_FEATURE_TABLE_AVAILABILITY default true,YES,DONE,NOT_APPLICABLE,LOW,Run live availability proof.,routes/api/customer_self_service.php; customer-web/src/lib/config/support-matrix.ts; customer-web/src/lib/api/sdk-client.ts
Table holds,POST,/api/v1/table-holds,TableHoldController@store,require.redis + throttle + hold.ratelimit + idempotency,N/A customer unless staff access via CustomerOrStaff,X-Customer-Token and/or X-Session-Id per contract,No,Required,NEXT_PUBLIC_FEATURE_TABLE_HOLDS default true,YES,DONE,NOT_APPLICABLE,LOW,Run live hold proof.,routes/api/customer_self_service.php; customer-web/src/lib/config/support-matrix.ts; customer-web/src/lib/api/sdk-client.ts
Table holds,GET,/api/v1/table-holds/{hold_id},TableHoldController@show,require.redis + throttle,N/A customer unless staff access via CustomerOrStaff,X-Customer-Token and/or X-Session-Id per contract,No,No,NEXT_PUBLIC_FEATURE_TABLE_HOLDS default true,YES,DONE/PARTIAL,NOT_APPLICABLE,LOW,Use detail as needed for reload recovery.,routes/api/customer_self_service.php; customer-web/src/lib/config/support-matrix.ts; customer-web/src/lib/api/sdk-client.ts
Table holds,DELETE,/api/v1/table-holds/{hold_id},TableHoldController@cancel,require.redis + throttle + idempotency,N/A customer unless staff access via CustomerOrStaff,X-Customer-Token and/or X-Session-Id per contract,query.row_version optional,Required,NEXT_PUBLIC_FEATURE_TABLE_HOLDS default true,YES,DONE,NOT_APPLICABLE,LOW,Run cancel stale row_version proof.,routes/api/customer_self_service.php; customer-web/src/lib/config/support-matrix.ts; customer-web/src/lib/api/sdk-client.ts
Table holds,PATCH,/api/v1/table-holds/{hold_id}/refresh,TableHoldController@refresh,require.redis + throttle + idempotency,N/A customer unless staff access via CustomerOrStaff,X-Customer-Token and/or X-Session-Id per contract,body.row_version optional,Required,NEXT_PUBLIC_FEATURE_TABLE_HOLDS default true,YES,DONE,NOT_APPLICABLE,LOW,Run refresh stale row_version proof.,routes/api/customer_self_service.php; customer-web/src/lib/config/support-matrix.ts; customer-web/src/lib/api/sdk-client.ts
Reservation create/list/detail/cancel/reschedule,POST,/api/v1/reservations,ReservationController@store,CustomerOrStaffMiddleware + throttle + idempotency,N/A customer unless staff access via CustomerOrStaff,X-Customer-Token and/or X-Session-Id per contract,No,Required,none,YES,DONE,PARTIAL,LOW,Run live create proof.,routes/api/customer_self_service.php; customer-web/src/lib/config/support-matrix.ts; customer-web/src/lib/api/sdk-client.ts
Reservation create/list/detail/cancel/reschedule,GET,/api/v1/reservations/{id},ReservationController@show,CustomerOrStaffMiddleware + throttle,N/A customer unless staff access via CustomerOrStaff,X-Customer-Token and/or X-Session-Id per contract,No,No,none,YES,DONE,PARTIAL,LOW,Run live detail proof.,routes/api/customer_self_service.php; customer-web/src/lib/config/support-matrix.ts; customer-web/src/lib/api/sdk-client.ts
Reservation create/list/detail/cancel/reschedule,PATCH,/api/v1/reservations/{id}/status,ReservationController@updateStatus,require.redis + StaffApiKeyMiddleware + redis throttle unless route-level exception,reservation.manage,X-Staff-Key; Idempotency-Key for mutations,body.row_version optional/required by payload,Required,none,YES staff,NOT_APPLICABLE,PARTIAL,HIGH,Verify status UI and stale-write behavior.,routes/api/staff_pos.php; config/staff_capabilities.php; staff-web/src/shared/api/http.ts; staff-web/src/shared/api/staff-api.ts
Staff table board + reservation handling,GET,/api/v1/staff/branches,BranchContextController@index,require.redis + StaffApiKeyMiddleware + redis throttle unless route-level exception,reservation.manage,X-Staff-Key; Idempotency-Key for mutations,No,No,none,YES,NOT_APPLICABLE,DONE/PARTIAL,LOW,Verify branch selection across roles.,routes/api/staff_pos.php; config/staff_capabilities.php; staff-web/src/shared/api/http.ts; staff-web/src/shared/api/staff-api.ts
Staff ordering + active order,GET,/api/v1/staff/menu/items,MenuCatalogController@index,require.redis + StaffApiKeyMiddleware + redis throttle unless route-level exception,order.manage,X-Staff-Key; Idempotency-Key for mutations,No,No,none,YES,NOT_APPLICABLE,DONE/PARTIAL,LOW,Verify menu availability and branch prices.,routes/api/staff_pos.php; config/staff_capabilities.php; staff-web/src/shared/api/http.ts; staff-web/src/shared/api/staff-api.ts
Staff table board + reservation handling,GET,/api/v1/staff/tables/board,TableBoardController@index,require.redis + StaffApiKeyMiddleware + redis throttle unless route-level exception,table.board.view,X-Staff-Key; Idempotency-Key for mutations,No,No,none,YES,NOT_APPLICABLE,DONE/PARTIAL,LOW,Run board live proof.,routes/api/staff_pos.php; config/staff_capabilities.php; staff-web/src/shared/api/http.ts; staff-web/src/shared/api/staff-api.ts
Staff table board + reservation handling,GET,/api/v1/staff/table-board,TableBoardController@legacyIndex,require.redis + StaffApiKeyMiddleware + redis throttle unless route-level exception,table.board.view,X-Staff-Key; Idempotency-Key for mutations,No,No,alias,YES,NOT_APPLICABLE,DONE/PARTIAL,LOW,Prefer canonical /tables/board.,routes/api/staff_pos.php; config/staff_capabilities.php; staff-web/src/shared/api/http.ts; staff-web/src/shared/api/staff-api.ts
Walk-in/service sessions,GET,/api/v1/staff/tables/{table_id}/active-service-session,ServiceSessionController@showActiveByTable,require.redis + StaffApiKeyMiddleware + redis throttle unless route-level exception,reservation.manage,X-Staff-Key; Idempotency-Key for mutations,No,No,none,YES,NOT_APPLICABLE,PARTIAL,MEDIUM,Verify active session read after walk-in/check-in.,routes/api/staff_pos.php; config/staff_capabilities.php; staff-web/src/shared/api/http.ts; staff-web/src/shared/api/staff-api.ts
Walk-in/service sessions,POST,/api/v1/staff/service-sessions/walk-in,ServiceSessionController@store,require.redis + StaffApiKeyMiddleware + redis throttle unless route-level exception,reservation.manage,X-Staff-Key; Idempotency-Key for mutations,Payload-dependent,Required,none,YES,NOT_APPLICABLE,PARTIAL/DONE,MEDIUM,Complete walk-in live proof.,routes/api/staff_pos.php; config/staff_capabilities.php; staff-web/src/shared/api/http.ts; staff-web/src/shared/api/staff-api.ts
Staff table board + reservation handling,POST,/api/v1/staff/reservations/{id}/check-in,ReservationCheckInController@store,require.redis + StaffApiKeyMiddleware + redis throttle unless route-level exception,reservation.manage,X-Staff-Key; Idempotency-Key for mutations,body.row_version required,Required,none,YES,NOT_APPLICABLE,DONE/PARTIAL,MEDIUM,Verify check-in row_version conflict recovery.,routes/api/staff_pos.php; config/staff_capabilities.php; staff-web/src/shared/api/http.ts; staff-web/src/shared/api/staff-api.ts
Reservation create/list/detail/cancel/reschedule,POST,/api/v1/staff/reservations/{id}/reschedule,ReservationRescheduleController@store,require.redis + StaffApiKeyMiddleware + redis throttle unless route-level exception,reservation.manage,X-Staff-Key; Idempotency-Key for mutations,body.row_version required,Required,none,YES staff,NOT_APPLICABLE,PARTIAL,MEDIUM,Complete staff reschedule UI/proof.,routes/api/staff_pos.php; config/staff_capabilities.php; staff-web/src/shared/api/http.ts; staff-web/src/shared/api/staff-api.ts
Staff table board + reservation handling,POST,/api/v1/staff/reservations/{id}/move-table,ReservationMoveTableController@store,require.redis + StaffApiKeyMiddleware + redis throttle unless route-level exception,reservation.manage,X-Staff-Key; Idempotency-Key for mutations,body.row_version optional/expected,Required,none,YES,NOT_APPLICABLE,PARTIAL,MEDIUM,Complete move-table UI/proof.,routes/api/staff_pos.php; config/staff_capabilities.php; staff-web/src/shared/api/http.ts; staff-web/src/shared/api/staff-api.ts
Staff ordering + active order,POST,/api/v1/staff/tables/{table_id}/orders,ReservationOrderController@store,require.redis + StaffApiKeyMiddleware + redis throttle unless route-level exception,order.manage,X-Staff-Key; Idempotency-Key for mutations,body.row_version required,Required,none,YES,NOT_APPLICABLE,DONE/PARTIAL,HIGH,Verify order creation with table row_version.,routes/api/staff_pos.php; config/staff_capabilities.php; staff-web/src/shared/api/http.ts; staff-web/src/shared/api/staff-api.ts
Staff ordering + active order,POST,/api/v1/staff/orders/{order_id}/items,ReservationOrderController@addItems,require.redis + StaffApiKeyMiddleware + redis throttle unless route-level exception,order.manage,X-Staff-Key; Idempotency-Key for mutations,body.row_version required,Required,none,YES,NOT_APPLICABLE,DONE/PARTIAL,HIGH,Verify add items and conflict recovery.,routes/api/staff_pos.php; config/staff_capabilities.php; staff-web/src/shared/api/http.ts; staff-web/src/shared/api/staff-api.ts
Checkout/settlement/finalize,POST,/api/v1/staff/orders/{order_id}/close,CheckoutController@close,require.redis + StaffApiKeyMiddleware + redis throttle unless route-level exception,order.manage,X-Staff-Key; Idempotency-Key for mutations,body.row_version required,Required,alias to bill-snapshot,YES,NOT_APPLICABLE,PARTIAL,HIGH,Prefer canonical bill-snapshot/finalize.,routes/api/staff_pos.php; config/staff_capabilities.php; staff-web/src/shared/api/http.ts; staff-web/src/shared/api/staff-api.ts
Checkout/settlement/finalize,POST,/api/v1/staff/orders/{order_id}/bill-snapshot,CheckoutController@billSnapshot,require.redis + StaffApiKeyMiddleware + redis throttle unless route-level exception,order.manage,X-Staff-Key; Idempotency-Key for mutations,body.row_version required,Required,none,YES,NOT_APPLICABLE,PARTIAL/DONE,HIGH,Verify bill snapshot before payment/finalize.,routes/api/staff_pos.php; config/staff_capabilities.php; staff-web/src/shared/api/http.ts; staff-web/src/shared/api/staff-api.ts
Checkout/settlement/finalize,GET,/api/v1/staff/orders/{order_id}/settlement-preview,CheckoutController@settlementPreview,require.redis + StaffApiKeyMiddleware + redis throttle unless route-level exception,settlement.manage,X-Staff-Key; Idempotency-Key for mutations,No,No,none,YES,NOT_APPLICABLE,PARTIAL/DONE,MEDIUM,Verify preview details/empty.,routes/api/staff_pos.php; config/staff_capabilities.php; staff-web/src/shared/api/http.ts; staff-web/src/shared/api/staff-api.ts
Checkout/settlement/finalize,POST,/api/v1/staff/orders/{order_id}/pay,CheckoutController@pay,require.redis + StaffApiKeyMiddleware + redis throttle unless route-level exception,settlement.manage,X-Staff-Key; Idempotency-Key for mutations,body.row_version required,Required,none,YES,NOT_APPLICABLE,PARTIAL/DONE,HIGH,Verify payment method validation and shift handoff.,routes/api/staff_pos.php; config/staff_capabilities.php; staff-web/src/shared/api/http.ts; staff-web/src/shared/api/staff-api.ts
Checkout/settlement/finalize,POST,/api/v1/staff/orders/{order_id}/checkout,CheckoutController@checkout,require.redis + StaffApiKeyMiddleware + redis throttle unless route-level exception,settlement.manage,X-Staff-Key; Idempotency-Key for mutations,body.row_version required,Required,alias to finalize,YES,NOT_APPLICABLE,PARTIAL,HIGH,Prefer canonical settlement/finalize.,routes/api/staff_pos.php; config/staff_capabilities.php; staff-web/src/shared/api/http.ts; staff-web/src/shared/api/staff-api.ts
Checkout/settlement/finalize,POST,/api/v1/staff/orders/{order_id}/settlement/finalize,CheckoutController@finalizeSettlement,require.redis + StaffApiKeyMiddleware + redis throttle unless route-level exception,settlement.manage,X-Staff-Key; Idempotency-Key for mutations,body.row_version required,Required,none,YES,NOT_APPLICABLE,PARTIAL/DONE,HIGH,Run live settlement finalize after open cashier shift.,routes/api/staff_pos.php; config/staff_capabilities.php; staff-web/src/shared/api/http.ts; staff-web/src/shared/api/staff-api.ts
Refund/refund-cancel,GET,/api/v1/staff/reservations/{reservation_id}/refund-preview,ReservationRefundController@preview,require.redis + StaffApiKeyMiddleware + redis throttle unless route-level exception,payment.refund,X-Staff-Key; Idempotency-Key for mutations,No,No,none,YES,NOT_APPLICABLE,PARTIAL/DONE,MEDIUM,Verify preview and edge cases.,routes/api/staff_pos.php; config/staff_capabilities.php; staff-web/src/shared/api/http.ts; staff-web/src/shared/api/staff-api.ts
Refund/refund-cancel,POST,/api/v1/staff/reservations/{reservation_id}/refund,ReservationRefundController@refund,require.redis + StaffApiKeyMiddleware + redis throttle unless route-level exception,payment.refund,X-Staff-Key; Idempotency-Key for mutations,row_version expected by contract/payload,Required,none,YES,NOT_APPLICABLE,PARTIAL/DONE,HIGH,Run refund live proof and reconciliation refresh.,routes/api/staff_pos.php; config/staff_capabilities.php; staff-web/src/shared/api/http.ts; staff-web/src/shared/api/staff-api.ts
Refund/refund-cancel,POST,/api/v1/staff/reservations/{reservation_id}/refund-cancel,ReservationRefundController@refundAndCancel,require.redis + StaffApiKeyMiddleware + redis throttle unless route-level exception,payment.refund,X-Staff-Key; Idempotency-Key for mutations,row_version expected by contract/payload,Required,none,YES,NOT_APPLICABLE,PARTIAL,HIGH,Run refund-cancel live proof.,routes/api/staff_pos.php; config/staff_capabilities.php; staff-web/src/shared/api/http.ts; staff-web/src/shared/api/staff-api.ts
Vouchers/promotions + loyalty,GET,/api/v1/staff/reservations/{reservation_id}/vouchers,ReservationVoucherController@index,require.redis + StaffApiKeyMiddleware + redis throttle unless route-level exception,voucher.manage,X-Staff-Key; Idempotency-Key for mutations,No,No,none,NO/optional,GATED/PARTIAL,PARTIAL,MEDIUM,Complete staff voucher panel/proof.,routes/api/staff_pos.php; config/staff_capabilities.php; staff-web/src/shared/api/http.ts; staff-web/src/shared/api/staff-api.ts
Vouchers/promotions + loyalty,POST,/api/v1/staff/reservations/{reservation_id}/voucher/apply,ReservationVoucherController@apply,require.redis + StaffApiKeyMiddleware + redis throttle unless route-level exception,voucher.manage,X-Staff-Key; Idempotency-Key for mutations,row_version expected,Required,none,NO/optional,GATED/PARTIAL,PARTIAL,HIGH,Complete voucher apply/remove/release with row_version.,routes/api/staff_pos.php; config/staff_capabilities.php; staff-web/src/shared/api/http.ts; staff-web/src/shared/api/staff-api.ts
Vouchers/promotions + loyalty,POST,/api/v1/staff/reservations/{reservation_id}/voucher/remove,ReservationVoucherController@remove,require.redis + StaffApiKeyMiddleware + redis throttle unless route-level exception,voucher.manage,X-Staff-Key; Idempotency-Key for mutations,row_version expected,Required,none,NO/optional,GATED/PARTIAL,PARTIAL,HIGH,Complete voucher remove/release with row_version.,routes/api/staff_pos.php; config/staff_capabilities.php; staff-web/src/shared/api/http.ts; staff-web/src/shared/api/staff-api.ts
Vouchers/promotions + loyalty,GET,/api/v1/staff/users/{user_id}/loyalty,LoyaltyLedgerController@showUser,require.redis + StaffApiKeyMiddleware + redis throttle unless route-level exception,loyalty.view,X-Staff-Key; Idempotency-Key for mutations,No,No,none,NO/optional,GATED/PARTIAL,PARTIAL,MEDIUM,Complete loyalty read/adjust UX.,routes/api/staff_pos.php; config/staff_capabilities.php; staff-web/src/shared/api/http.ts; staff-web/src/shared/api/staff-api.ts
Vouchers/promotions + loyalty,POST,/api/v1/staff/users/{user_id}/loyalty/adjust,LoyaltyLedgerController@adjustUser,require.redis + StaffApiKeyMiddleware + redis throttle unless route-level exception,loyalty.adjust,X-Staff-Key; Idempotency-Key for mutations,payload-dependent,Required,none,NO/optional,GATED/PARTIAL,PARTIAL,HIGH,Complete staff adjustment with audit warning.,routes/api/staff_pos.php; config/staff_capabilities.php; staff-web/src/shared/api/http.ts; staff-web/src/shared/api/staff-api.ts
Staff table board + reservation handling,POST,/api/v1/staff/tables/{table_id}/release,TableReleaseController@store,require.redis + StaffApiKeyMiddleware + redis throttle unless route-level exception,table.release,X-Staff-Key; Idempotency-Key for mutations,row_version optional/expected,Required,none,YES,NOT_APPLICABLE,PARTIAL/DONE,MEDIUM,Verify release conflict and active links.,routes/api/staff_pos.php; config/staff_capabilities.php; staff-web/src/shared/api/http.ts; staff-web/src/shared/api/staff-api.ts
Waiting list customer + staff coordination,GET,/api/v1/staff/waiting-list,StaffWaitlistController@index,require.redis + StaffApiKeyMiddleware + redis throttle unless route-level exception,waiting_list.manage,X-Staff-Key; Idempotency-Key for mutations,No,No,none,YES staff manual,GATED/PARTIAL,DONE/PARTIAL,LOW,Verify manual list.,routes/api/staff_pos.php; config/staff_capabilities.php; staff-web/src/shared/api/http.ts; staff-web/src/shared/api/staff-api.ts
Waiting list customer + staff coordination,POST,/api/v1/staff/waiting-list,StaffWaitlistController@store,require.redis + StaffApiKeyMiddleware + redis throttle unless route-level exception,waiting_list.manage,X-Staff-Key; Idempotency-Key for mutations,No,Required,none,YES staff manual,GATED/PARTIAL,PARTIAL/DONE,MEDIUM,Verify create via local adapter.,routes/api/staff_pos.php; config/staff_capabilities.php; staff-web/src/shared/api/http.ts; staff-web/src/shared/api/staff-api.ts
Waiting list customer + staff coordination,POST,/api/v1/staff/waiting-list/{id}/notify,StaffWaitlistController@notify,require.redis + StaffApiKeyMiddleware + redis throttle unless route-level exception,waiting_list.manage,X-Staff-Key; Idempotency-Key for mutations,body.row_version required,Required,none,YES staff manual,GATED/PARTIAL,DONE/PARTIAL,MEDIUM,Verify notify with table selection/fallback.,routes/api/staff_pos.php; config/staff_capabilities.php; staff-web/src/shared/api/http.ts; staff-web/src/shared/api/staff-api.ts
Waiting list customer + staff coordination,POST,/api/v1/staff/waiting-list/{id}/seat,StaffWaitlistController@seat,require.redis + StaffApiKeyMiddleware + redis throttle unless route-level exception,waiting_list.manage,X-Staff-Key; Idempotency-Key for mutations,body.row_version required,Required,none,YES staff manual,GATED/PARTIAL,DONE/PARTIAL,MEDIUM,Verify seat and board refresh.,routes/api/staff_pos.php; config/staff_capabilities.php; staff-web/src/shared/api/http.ts; staff-web/src/shared/api/staff-api.ts
Waiting list customer + staff coordination,POST,/api/v1/staff/waiting-list/{id}/cancel,StaffWaitlistController@cancel,require.redis + StaffApiKeyMiddleware + redis throttle unless route-level exception,waiting_list.manage,X-Staff-Key; Idempotency-Key for mutations,body.row_version required,Required,none,YES staff manual,GATED/PARTIAL,PARTIAL/DONE,MEDIUM,Verify cancel conflict recovery.,routes/api/staff_pos.php; config/staff_capabilities.php; staff-web/src/shared/api/http.ts; staff-web/src/shared/api/staff-api.ts
Waiting list customer + staff coordination,POST,/api/v1/staff/waiting-list/{id}/advance,StaffWaitlistController@advance,require.redis + StaffApiKeyMiddleware + redis throttle unless route-level exception,waiting_list.manage,X-Staff-Key; Idempotency-Key for mutations,body.row_version required,Required,waiting_list.advanced_automation off day1,NO automation,GATED/PARTIAL,PARTIAL,HIGH,Keep advanced automation off until rollout.,routes/api/staff_pos.php; config/staff_capabilities.php; staff-web/src/shared/api/http.ts; staff-web/src/shared/api/staff-api.ts
Waiting list customer + staff coordination,GET,/api/v1/staff/waiting-list/changes,OperationalChangeFeedController@waitingListChanges,require.redis + StaffApiKeyMiddleware + redis throttle unless route-level exception,waiting_list.manage,X-Staff-Key; Idempotency-Key for mutations,No,No,none,YES staff manual,GATED/PARTIAL,PARTIAL,MEDIUM,Add polling/realtime proof.,routes/api/staff_pos.php; config/staff_capabilities.php; staff-web/src/shared/api/http.ts; staff-web/src/shared/api/staff-api.ts
Conversations,GET,/api/v1/staff/conversations,ConversationInboxController@index,require.redis + StaffApiKeyMiddleware + redis throttle unless route-level exception,conversation.manage,X-Staff-Key; Idempotency-Key for mutations,No,No,staff.conversation_inbox off day1,NO,NOT_APPLICABLE,GATED/PARTIAL,MEDIUM,Keep gated; complete inbox proof.,routes/api/staff_pos.php; config/staff_capabilities.php; staff-web/src/shared/api/http.ts; staff-web/src/shared/api/staff-api.ts
Conversations,GET,/api/v1/staff/conversations/{conversation_id},ConversationInboxController@show,require.redis + StaffApiKeyMiddleware + redis throttle unless route-level exception,conversation.manage,X-Staff-Key; Idempotency-Key for mutations,No,No,staff.conversation_inbox off day1,NO,NOT_APPLICABLE,GATED/PARTIAL,MEDIUM,Complete detail proof.,routes/api/staff_pos.php; config/staff_capabilities.php; staff-web/src/shared/api/http.ts; staff-web/src/shared/api/staff-api.ts
Conversations,POST,/api/v1/staff/conversations/{conversation_id}/take-over,ConversationInboxController@takeOver,require.redis + StaffApiKeyMiddleware + redis throttle unless route-level exception,conversation.manage,X-Staff-Key; Idempotency-Key for mutations,payload-dependent,Required,staff.conversation_inbox off day1,NO,NOT_APPLICABLE,GATED/PARTIAL,MEDIUM,Complete action gating and tests.,routes/api/staff_pos.php; config/staff_capabilities.php; staff-web/src/shared/api/http.ts; staff-web/src/shared/api/staff-api.ts
Reservation create/list/detail/cancel/reschedule,GET,/api/v1/staff/reservations,ReservationInboxController@index,require.redis + StaffApiKeyMiddleware + redis throttle unless route-level exception,reservation.manage,X-Staff-Key; Idempotency-Key for mutations,No,No,none,YES,NOT_APPLICABLE,DONE/PARTIAL,LOW,Verify filters/empty.,routes/api/staff_pos.php; config/staff_capabilities.php; staff-web/src/shared/api/http.ts; staff-web/src/shared/api/staff-api.ts
Reservation create/list/detail/cancel/reschedule,GET,/api/v1/staff/reservations/{reservation_id},ReservationInboxController@show,require.redis + StaffApiKeyMiddleware + redis throttle unless route-level exception,reservation.manage,X-Staff-Key; Idempotency-Key for mutations,No,No,none,YES,NOT_APPLICABLE,DONE/PARTIAL,LOW,Verify detail.,routes/api/staff_pos.php; config/staff_capabilities.php; staff-web/src/shared/api/http.ts; staff-web/src/shared/api/staff-api.ts
Staff ordering + active order,GET,/api/v1/staff/reservations/{reservation_id}/orders,ReservationOrderController@indexByReservation,require.redis + StaffApiKeyMiddleware + redis throttle unless route-level exception,order.manage,X-Staff-Key; Idempotency-Key for mutations,No,No,none,YES,NOT_APPLICABLE,PARTIAL,MEDIUM,Verify reservation order list.,routes/api/staff_pos.php; config/staff_capabilities.php; staff-web/src/shared/api/http.ts; staff-web/src/shared/api/staff-api.ts
Staff table board + reservation handling,GET,/api/v1/staff/reservations/timeline,ReservationTimelineController@index,require.redis + StaffApiKeyMiddleware + redis throttle unless route-level exception,reservation.manage,X-Staff-Key; Idempotency-Key for mutations,No,No,none,YES,NOT_APPLICABLE,PARTIAL,MEDIUM,Verify timeline workspace.,routes/api/staff_pos.php; config/staff_capabilities.php; staff-web/src/shared/api/http.ts; staff-web/src/shared/api/staff-api.ts
Staff table board + reservation handling,POST,/api/v1/staff/reservations/{id}/assign-table,ReservationBoardAssignmentController@assignSuggested,require.redis + StaffApiKeyMiddleware + redis throttle unless route-level exception,reservation.manage,X-Staff-Key; Idempotency-Key for mutations,body.row_version required,Required,none,YES,NOT_APPLICABLE,DONE/PARTIAL,MEDIUM,Verify assign table from board.,routes/api/staff_pos.php; config/staff_capabilities.php; staff-web/src/shared/api/http.ts; staff-web/src/shared/api/staff-api.ts
Staff table board + reservation handling,POST,/api/v1/staff/reservations/{id}/assign-best-fit,ReservationBoardAssignmentController@assignBestFit,require.redis + StaffApiKeyMiddleware + redis throttle unless route-level exception,reservation.manage,X-Staff-Key; Idempotency-Key for mutations,body.row_version required,Required,none,YES,NOT_APPLICABLE,DONE/PARTIAL,MEDIUM,Verify best fit assign.,routes/api/staff_pos.php; config/staff_capabilities.php; staff-web/src/shared/api/http.ts; staff-web/src/shared/api/staff-api.ts
Staff table board + reservation handling,GET,/api/v1/staff/tables/board/changes,OperationalChangeFeedController@boardChanges,require.redis + StaffApiKeyMiddleware + redis throttle unless route-level exception,table.board.view,X-Staff-Key; Idempotency-Key for mutations,No,No,none,YES,NOT_APPLICABLE,PARTIAL,MEDIUM,Verify change-feed polling.,routes/api/staff_pos.php; config/staff_capabilities.php; staff-web/src/shared/api/http.ts; staff-web/src/shared/api/staff-api.ts
Staff ordering + active order,GET,/api/v1/staff/orders/{order_id},OrderReadController@show,require.redis + StaffApiKeyMiddleware + redis throttle unless route-level exception,order.manage,X-Staff-Key; Idempotency-Key for mutations,No,No,none,YES,NOT_APPLICABLE,DONE/PARTIAL,LOW,Verify order detail.,routes/api/staff_pos.php; config/staff_capabilities.php; staff-web/src/shared/api/http.ts; staff-web/src/shared/api/staff-api.ts
Staff ordering + active order,GET,/api/v1/staff/tables/{table_id}/active-order,OrderReadController@showActiveByTable,require.redis + StaffApiKeyMiddleware + redis throttle unless route-level exception,order.manage,X-Staff-Key; Idempotency-Key for mutations,No,No,none,YES,PARTIAL,DONE/PARTIAL,LOW,Verify active order by table.,routes/api/staff_pos.php; config/staff_capabilities.php; staff-web/src/shared/api/http.ts; staff-web/src/shared/api/staff-api.ts
Staff ordering + active order,GET,/api/v1/staff/reservations/{reservation_id}/active-order,OrderReadController@showActiveByReservation,require.redis + StaffApiKeyMiddleware + redis throttle unless route-level exception,order.manage,X-Staff-Key; Idempotency-Key for mutations,No,No,none,YES,PARTIAL,DONE/PARTIAL,LOW,Verify active order by reservation.,routes/api/staff_pos.php; config/staff_capabilities.php; staff-web/src/shared/api/http.ts; staff-web/src/shared/api/staff-api.ts
Customer deposit preview/payment sessions,GET,/api/v1/staff/reservations/{reservation_id}/deposit-preview,ReservationDepositPaymentController@preview,require.redis + StaffApiKeyMiddleware + redis throttle unless route-level exception,settlement.manage,X-Staff-Key; Idempotency-Key for mutations,No,No,none,NO optional,PARTIAL,PARTIAL,MEDIUM,Verify staff deposit preview.,routes/api/staff_pos.php; config/staff_capabilities.php; staff-web/src/shared/api/http.ts; staff-web/src/shared/api/staff-api.ts
Customer deposit preview/payment sessions,POST,/api/v1/staff/reservations/{reservation_id}/deposit/pay,ReservationDepositPaymentController@pay,require.redis + StaffApiKeyMiddleware + redis throttle unless route-level exception,settlement.manage,X-Staff-Key; Idempotency-Key for mutations,row_version expected,Required,none,NO optional,PARTIAL,PARTIAL,HIGH,Verify staff deposit capture/pay.,routes/api/staff_pos.php; config/staff_capabilities.php; staff-web/src/shared/api/http.ts; staff-web/src/shared/api/staff-api.ts
Cashier shift,GET,/api/v1/staff/cashier/shifts,CashierShiftController@index,require.redis + StaffApiKeyMiddleware + redis throttle unless route-level exception,cashier.shift.manage,X-Staff-Key; Idempotency-Key for mutations,No,No,none,YES,NOT_APPLICABLE,DONE/PARTIAL,LOW,Verify shifts list.,routes/api/staff_pos.php; config/staff_capabilities.php; staff-web/src/shared/api/http.ts; staff-web/src/shared/api/staff-api.ts
Cashier shift,GET,/api/v1/staff/cashier/shifts/current,CashierShiftController@current,require.redis + StaffApiKeyMiddleware + redis throttle unless route-level exception,cashier.shift.manage,X-Staff-Key; Idempotency-Key for mutations,No,No,none,YES,NOT_APPLICABLE,DONE/PARTIAL,LOW,Verify current shift startup.,routes/api/staff_pos.php; config/staff_capabilities.php; staff-web/src/shared/api/http.ts; staff-web/src/shared/api/staff-api.ts
Cashier shift,POST,/api/v1/staff/cashier/shifts/open,CashierShiftController@open,require.redis + StaffApiKeyMiddleware + redis throttle unless route-level exception,cashier.shift.manage,X-Staff-Key; Idempotency-Key for mutations,No,Required,none,YES,NOT_APPLICABLE,DONE/PARTIAL,MEDIUM,Verify open shift idempotency.,routes/api/staff_pos.php; config/staff_capabilities.php; staff-web/src/shared/api/http.ts; staff-web/src/shared/api/staff-api.ts
Cashier shift,GET,/api/v1/staff/cashier/shifts/{shift_id},CashierShiftController@show,require.redis + StaffApiKeyMiddleware + redis throttle unless route-level exception,cashier.shift.manage,X-Staff-Key; Idempotency-Key for mutations,No,No,none,YES,NOT_APPLICABLE,DONE/PARTIAL,LOW,Verify shift detail.,routes/api/staff_pos.php; config/staff_capabilities.php; staff-web/src/shared/api/http.ts; staff-web/src/shared/api/staff-api.ts
Cashier shift,POST,/api/v1/staff/cashier/shifts/{shift_id}/close,CashierShiftController@close,require.redis + StaffApiKeyMiddleware + redis throttle unless route-level exception,cashier.shift.manage,X-Staff-Key; Idempotency-Key for mutations,body.row_version required,Required,none,YES,NOT_APPLICABLE,PARTIAL,MEDIUM,Verify close shift row_version and settlement totals.,routes/api/staff_pos.php; config/staff_capabilities.php; staff-web/src/shared/api/http.ts; staff-web/src/shared/api/staff-api.ts
Finance invoice/reconciliation,GET,/api/v1/staff/finance/invoices/{reservation_id},InvoiceController@show,require.redis + StaffApiKeyMiddleware + redis throttle unless route-level exception,settlement.manage,X-Staff-Key; Idempotency-Key for mutations,No,No,none,YES finance review,NOT_APPLICABLE,PARTIAL,MEDIUM,Verify invoice show.,routes/api/staff_pos.php; config/staff_capabilities.php; staff-web/src/shared/api/http.ts; staff-web/src/shared/api/staff-api.ts
Finance invoice/reconciliation,POST,/api/v1/staff/finance/invoices/{reservation_id}/issue,InvoiceController@issue,require.redis + StaffApiKeyMiddleware + redis throttle unless route-level exception,settlement.manage,X-Staff-Key; Idempotency-Key for mutations,row_version expected,Required,none,YES finance review,NOT_APPLICABLE,PARTIAL,HIGH,Verify invoice issue.,routes/api/staff_pos.php; config/staff_capabilities.php; staff-web/src/shared/api/http.ts; staff-web/src/shared/api/staff-api.ts
Finance invoice/reconciliation,GET,/api/v1/staff/finance/accounting-export,InvoiceController@accountingExport,require.redis + StaffApiKeyMiddleware + redis throttle unless route-level exception,settlement.manage,X-Staff-Key; Idempotency-Key for mutations,No,No,none,NO optional,NOT_APPLICABLE,PARTIAL,MEDIUM,Verify export/download.,routes/api/staff_pos.php; config/staff_capabilities.php; staff-web/src/shared/api/http.ts; staff-web/src/shared/api/staff-api.ts
Finance invoice/reconciliation,GET,/api/v1/staff/finance/reconciliation,SettlementReconciliationController@index,require.redis + StaffApiKeyMiddleware + redis throttle unless route-level exception,settlement.manage,X-Staff-Key; Idempotency-Key for mutations,No,No,none,YES finance review,NOT_APPLICABLE,PARTIAL/DONE,LOW,Verify reconciliation filters.,routes/api/staff_pos.php; config/staff_capabilities.php; staff-web/src/shared/api/http.ts; staff-web/src/shared/api/staff-api.ts
Finance invoice/reconciliation,GET,/api/v1/staff/finance/reconciliation/export,SettlementReconciliationController@export,require.redis + StaffApiKeyMiddleware + redis throttle unless route-level exception,settlement.manage,X-Staff-Key; Idempotency-Key for mutations,No,No,none,NO optional,NOT_APPLICABLE,PARTIAL,MEDIUM,Verify export/download.,routes/api/staff_pos.php; config/staff_capabilities.php; staff-web/src/shared/api/http.ts; staff-web/src/shared/api/staff-api.ts
Finance invoice/reconciliation,GET,/api/v1/staff/finance/reconciliation/{reservation_id},SettlementReconciliationController@show,require.redis + StaffApiKeyMiddleware + redis throttle unless route-level exception,settlement.manage,X-Staff-Key; Idempotency-Key for mutations,No,No,none,YES finance review,NOT_APPLICABLE,PARTIAL,LOW,Verify detail handoff.,routes/api/staff_pos.php; config/staff_capabilities.php; staff-web/src/shared/api/http.ts; staff-web/src/shared/api/staff-api.ts
Privacy/data export/audit,GET,/api/v1/staff/audit-trail,AuditTrailController@index,require.redis + StaffApiKeyMiddleware + redis throttle unless route-level exception,audit.view,X-Staff-Key; Idempotency-Key for mutations,No,No,none,NO optional,NOT_APPLICABLE,PARTIAL,MEDIUM,Verify audit filters/access.,routes/api/staff_pos.php; config/staff_capabilities.php; staff-web/src/shared/api/http.ts; staff-web/src/shared/api/staff-api.ts
Reporting,GET,/api/v1/staff/reporting/daily-sales,SalesReportController@index,require.redis + StaffApiKeyMiddleware + redis throttle unless route-level exception,reporting.view,X-Staff-Key; Idempotency-Key for mutations,No,No,none,NO,NOT_APPLICABLE,PARTIAL,MEDIUM,Complete reporting page proof.,routes/api/staff_pos.php; config/staff_capabilities.php; staff-web/src/shared/api/http.ts; staff-web/src/shared/api/staff-api.ts
Reporting,GET,/api/v1/staff/reporting/daily-operations,OperationsReportController@index,require.redis + StaffApiKeyMiddleware + redis throttle unless route-level exception,reporting.view,X-Staff-Key; Idempotency-Key for mutations,No,No,none,NO,NOT_APPLICABLE,PARTIAL,MEDIUM,Complete reporting page proof.,routes/api/staff_pos.php; config/staff_capabilities.php; staff-web/src/shared/api/http.ts; staff-web/src/shared/api/staff-api.ts
Reporting,GET,/api/v1/staff/reporting/daily-inventory,InventoryReportController@index,require.redis + StaffApiKeyMiddleware + redis throttle unless route-level exception,reporting.view,X-Staff-Key; Idempotency-Key for mutations,No,No,none,NO,NOT_APPLICABLE,PARTIAL,MEDIUM,Complete reporting page proof.,routes/api/staff_pos.php; config/staff_capabilities.php; staff-web/src/shared/api/http.ts; staff-web/src/shared/api/staff-api.ts
Kitchen/KDS,GET,/api/v1/staff/kitchen/stations,KitchenDispatchController@stations,require.redis + StaffApiKeyMiddleware + redis throttle unless route-level exception,kitchen.manage,X-Staff-Key; Idempotency-Key for mutations,No,No,staff.kitchen_dispatch for mutations,NO mutation,NOT_APPLICABLE,GATED/PARTIAL,MEDIUM,Station selection proof.,routes/api/staff_pos.php; config/staff_capabilities.php; staff-web/src/shared/api/http.ts; staff-web/src/shared/api/staff-api.ts
Kitchen/KDS,GET,/api/v1/staff/kitchen/stations/{station_id}/tickets,KitchenDispatchController@stationTickets,require.redis + StaffApiKeyMiddleware + redis throttle unless route-level exception,kitchen.manage,X-Staff-Key; Idempotency-Key for mutations,No,No,staff.kitchen_dispatch for mutations,NO mutation,NOT_APPLICABLE,GATED/PARTIAL,MEDIUM,Ticket board proof.,routes/api/staff_pos.php; config/staff_capabilities.php; staff-web/src/shared/api/http.ts; staff-web/src/shared/api/staff-api.ts
Kitchen/KDS,POST,/api/v1/staff/orders/{order_id}/kitchen/dispatch,KitchenDispatchController@dispatchOrder,require.redis + StaffApiKeyMiddleware + redis throttle unless route-level exception,order.manage,X-Staff-Key; Idempotency-Key for mutations,body.row_version required,Required,staff.kitchen_dispatch false prod-like,NO,NOT_APPLICABLE,GATED/PARTIAL,HIGH,Keep gated; complete dispatch proof.,routes/api/staff_pos.php; config/staff_capabilities.php; staff-web/src/shared/api/http.ts; staff-web/src/shared/api/staff-api.ts
Kitchen/KDS,POST,/api/v1/staff/kitchen/tickets/{ticket_id}/fire,KitchenDispatchController@fire,require.redis + StaffApiKeyMiddleware + redis throttle unless route-level exception,kitchen.manage,X-Staff-Key; Idempotency-Key for mutations,body.row_version required,Required,staff.kitchen_dispatch false prod-like,NO,NOT_APPLICABLE,GATED/PARTIAL,HIGH,Keep gated; complete fire proof.,routes/api/staff_pos.php; config/staff_capabilities.php; staff-web/src/shared/api/http.ts; staff-web/src/shared/api/staff-api.ts
Kitchen/KDS,POST,/api/v1/staff/kitchen/tickets/{ticket_id}/bump,KitchenDispatchController@bump,require.redis + StaffApiKeyMiddleware + redis throttle unless route-level exception,kitchen.manage,X-Staff-Key; Idempotency-Key for mutations,body.row_version required,Required,staff.kitchen_dispatch false prod-like,NO,NOT_APPLICABLE,GATED/PARTIAL,HIGH,Keep gated; complete bump proof.,routes/api/staff_pos.php; config/staff_capabilities.php; staff-web/src/shared/api/http.ts; staff-web/src/shared/api/staff-api.ts
Kitchen/KDS,POST,/api/v1/staff/kitchen/tickets/{ticket_id}/recall,KitchenDispatchController@recall,require.redis + StaffApiKeyMiddleware + redis throttle unless route-level exception,kitchen.manage,X-Staff-Key; Idempotency-Key for mutations,body.row_version required,Required,staff.kitchen_dispatch false prod-like,NO,NOT_APPLICABLE,GATED/PARTIAL,HIGH,Keep gated; complete recall proof.,routes/api/staff_pos.php; config/staff_capabilities.php; staff-web/src/shared/api/http.ts; staff-web/src/shared/api/staff-api.ts
Kitchen/KDS,GET,/api/v1/staff/kitchen/changes,KitchenDispatchController@changes,require.redis + StaffApiKeyMiddleware + redis throttle unless route-level exception,kitchen.manage,X-Staff-Key; Idempotency-Key for mutations,No,No,staff.kitchen_dispatch for mutations,NO mutation,NOT_APPLICABLE,GATED/PARTIAL,MEDIUM,Changes feed proof.,routes/api/staff_pos.php; config/staff_capabilities.php; staff-web/src/shared/api/http.ts; staff-web/src/shared/api/staff-api.ts
Order item lifecycle,PATCH,/api/v1/staff/orders/{order_id}/items/{order_item_id},OrderItemLifecycleController@update,require.redis + StaffApiKeyMiddleware + redis throttle unless route-level exception,order.manage,X-Staff-Key; Idempotency-Key for mutations,body.order_row_version + body.row_version required,Required,none,YES,NOT_APPLICABLE,PARTIAL,HIGH,Complete line item edit/status with stale-write proof.,routes/api/staff_pos.php; config/staff_capabilities.php; staff-web/src/shared/api/http.ts; staff-web/src/shared/api/staff-api.ts
Order item lifecycle,POST,/api/v1/staff/orders/{order_id}/items/{order_item_id}/status,OrderItemLifecycleController@updateStatus,require.redis + StaffApiKeyMiddleware + redis throttle unless route-level exception,order.manage,X-Staff-Key; Idempotency-Key for mutations,body.order_row_version + body.row_version required,Required,none,YES,NOT_APPLICABLE,PARTIAL,HIGH,Complete line item status with stale-write proof.,routes/api/staff_pos.php; config/staff_capabilities.php; staff-web/src/shared/api/http.ts; staff-web/src/shared/api/staff-api.ts
Privacy/data export/audit,GET,/api/v1/admin/privacy/requests,PrivacyController@index,MetricsRequestMiddleware + ResolveCustomerAuthMiddleware + require.redis + StaffApiKeyMiddleware + staff.capability,privacy.manage,X-Staff-Key; Idempotency-Key for mutations/import commit,No,No,none,NO,NOT_APPLICABLE,MISSING/PARTIAL,MEDIUM,Add admin privacy request list/review workspace.,routes/api/admin.php; config/staff_capabilities.php; staff-web/src/shared/api/staff-api.ts
Privacy/data export/audit,GET,/api/v1/admin/privacy/customers/{user_id}/data-export,PrivacyController@exportCustomerData,MetricsRequestMiddleware + ResolveCustomerAuthMiddleware + require.redis + StaffApiKeyMiddleware + staff.capability,privacy.manage,X-Staff-Key; Idempotency-Key for mutations/import commit,No,No,none,NO,NOT_APPLICABLE,MISSING/PARTIAL,MEDIUM,Add guarded customer data export action.,routes/api/admin.php; config/staff_capabilities.php; staff-web/src/shared/api/staff-api.ts
Privacy/data export/audit,POST,/api/v1/admin/privacy/requests/{request_id}/review,PrivacyController@review,MetricsRequestMiddleware + ResolveCustomerAuthMiddleware + require.redis + StaffApiKeyMiddleware + staff.capability,privacy.manage,X-Staff-Key; Idempotency-Key for mutations/import commit,payload-dependent,Required,none,NO,NOT_APPLICABLE,MISSING/PARTIAL,HIGH,Add idempotent privacy review with audit trail.,routes/api/admin.php; config/staff_capabilities.php; staff-web/src/shared/api/staff-api.ts
Menu admin,GET,/api/v1/admin/menu/categories,MenuCategoryController@index,MetricsRequestMiddleware + ResolveCustomerAuthMiddleware + require.redis + StaffApiKeyMiddleware + staff.capability,menu.manage,X-Staff-Key; Idempotency-Key for mutations/import commit,No,No,none,NO,NOT_APPLICABLE,PARTIAL,MEDIUM,Complete admin category list/filter.,routes/api/admin.php; config/staff_capabilities.php; staff-web/src/shared/api/staff-api.ts
Menu admin,POST,/api/v1/admin/menu/categories,MenuCategoryController@store,MetricsRequestMiddleware + ResolveCustomerAuthMiddleware + require.redis + StaffApiKeyMiddleware + staff.capability,menu.manage,X-Staff-Key; Idempotency-Key for mutations/import commit,No,Required,none,NO,NOT_APPLICABLE,PARTIAL,MEDIUM,Complete category create.,routes/api/admin.php; config/staff_capabilities.php; staff-web/src/shared/api/staff-api.ts
Menu admin,PATCH,/api/v1/admin/menu/categories/{category_id},MenuCategoryController@update,MetricsRequestMiddleware + ResolveCustomerAuthMiddleware + require.redis + StaffApiKeyMiddleware + staff.capability,menu.manage,X-Staff-Key; Idempotency-Key for mutations/import commit,row_version expected/verify,Required,none,NO,NOT_APPLICABLE,PARTIAL/MISSING,HIGH,Complete category update row_version.,routes/api/admin.php; config/staff_capabilities.php; staff-web/src/shared/api/staff-api.ts
Menu admin,GET,/api/v1/admin/menu/items,MenuItemController@index,MetricsRequestMiddleware + ResolveCustomerAuthMiddleware + require.redis + StaffApiKeyMiddleware + staff.capability,menu.manage,X-Staff-Key; Idempotency-Key for mutations/import commit,No,No,none,NO,NOT_APPLICABLE,PARTIAL,MEDIUM,Complete item list/filter.,routes/api/admin.php; config/staff_capabilities.php; staff-web/src/shared/api/staff-api.ts
Menu admin,POST,/api/v1/admin/menu/items,MenuItemController@store,MetricsRequestMiddleware + ResolveCustomerAuthMiddleware + require.redis + StaffApiKeyMiddleware + staff.capability,menu.manage,X-Staff-Key; Idempotency-Key for mutations/import commit,No,Required,none,NO,NOT_APPLICABLE,PARTIAL,MEDIUM,Complete item create.,routes/api/admin.php; config/staff_capabilities.php; staff-web/src/shared/api/staff-api.ts
Menu admin,PATCH,/api/v1/admin/menu/items/{item_id},MenuItemController@update,MetricsRequestMiddleware + ResolveCustomerAuthMiddleware + require.redis + StaffApiKeyMiddleware + staff.capability,menu.manage,X-Staff-Key; Idempotency-Key for mutations/import commit,row_version expected/verify,Required,none,NO,NOT_APPLICABLE,PARTIAL/MISSING,HIGH,Complete item update.,routes/api/admin.php; config/staff_capabilities.php; staff-web/src/shared/api/staff-api.ts
Menu admin,GET,/api/v1/admin/menu/items/{item_id}/prices,MenuItemPriceController@index,MetricsRequestMiddleware + ResolveCustomerAuthMiddleware + require.redis + StaffApiKeyMiddleware + staff.capability,menu.manage,X-Staff-Key; Idempotency-Key for mutations/import commit,No,No,none,NO,NOT_APPLICABLE,PARTIAL,MEDIUM,Complete price history UI.,routes/api/admin.php; config/staff_capabilities.php; staff-web/src/shared/api/staff-api.ts
Menu admin,POST,/api/v1/admin/menu/items/{item_id}/prices,MenuItemPriceController@store,MetricsRequestMiddleware + ResolveCustomerAuthMiddleware + require.redis + StaffApiKeyMiddleware + staff.capability,menu.manage,X-Staff-Key; Idempotency-Key for mutations/import commit,No,Required,none,NO,NOT_APPLICABLE,PARTIAL,MEDIUM,Complete price create.,routes/api/admin.php; config/staff_capabilities.php; staff-web/src/shared/api/staff-api.ts
Menu admin,PUT,/api/v1/admin/menu/prices/{price_id},MenuItemPriceController@update,MetricsRequestMiddleware + ResolveCustomerAuthMiddleware + require.redis + StaffApiKeyMiddleware + staff.capability,menu.manage,X-Staff-Key; Idempotency-Key for mutations/import commit,row_version expected/verify,Required,none,NO,NOT_APPLICABLE,MISSING/PARTIAL,HIGH,Complete price update.,routes/api/admin.php; config/staff_capabilities.php; staff-web/src/shared/api/staff-api.ts
Master data import/export,GET,/api/v1/admin/menu/categories/export,MasterDataExportController@export,MetricsRequestMiddleware + ResolveCustomerAuthMiddleware + require.redis + StaffApiKeyMiddleware + staff.capability,menu.manage,X-Staff-Key; Idempotency-Key for mutations/import commit,No,No,none,NO,NOT_APPLICABLE,PARTIAL,MEDIUM,Complete export download.,routes/api/admin.php; config/staff_capabilities.php; staff-web/src/shared/api/staff-api.ts
Master data import/export,POST,/api/v1/admin/menu/categories/import,MasterDataImportController@import,MetricsRequestMiddleware + ResolveCustomerAuthMiddleware + require.redis + StaffApiKeyMiddleware + staff.capability,menu.manage,X-Staff-Key; Idempotency-Key for mutations/import commit,No,Required commit,none,NO,NOT_APPLICABLE,PARTIAL,HIGH,Complete dry-run/commit import.,routes/api/admin.php; config/staff_capabilities.php; staff-web/src/shared/api/staff-api.ts
Vouchers/promotions + loyalty,GET,/api/v1/admin/benefits/vouchers,VoucherController@index,MetricsRequestMiddleware + ResolveCustomerAuthMiddleware + require.redis + StaffApiKeyMiddleware + staff.capability,voucher.master_data.manage,X-Staff-Key; Idempotency-Key for mutations/import commit,No,No,none,NO,GATED/PARTIAL,MISSING/PARTIAL,MEDIUM,Add voucher master-data UI.,routes/api/admin.php; config/staff_capabilities.php; staff-web/src/shared/api/staff-api.ts
Vouchers/promotions + loyalty,POST,/api/v1/admin/benefits/vouchers,VoucherController@store,MetricsRequestMiddleware + ResolveCustomerAuthMiddleware + require.redis + StaffApiKeyMiddleware + staff.capability,voucher.master_data.manage,X-Staff-Key; Idempotency-Key for mutations/import commit,No,Required,none,NO,GATED/PARTIAL,MISSING/PARTIAL,HIGH,Add voucher create/update/import/export.,routes/api/admin.php; config/staff_capabilities.php; staff-web/src/shared/api/staff-api.ts
Vouchers/promotions + loyalty,GET,/api/v1/admin/benefits/loyalty-tiers,LoyaltyTierController@index,MetricsRequestMiddleware + ResolveCustomerAuthMiddleware + require.redis + StaffApiKeyMiddleware + staff.capability,voucher.master_data.manage,X-Staff-Key; Idempotency-Key for mutations/import commit,No,No,none,NO,GATED/PARTIAL,MISSING/PARTIAL,MEDIUM,Add loyalty tier UI.,routes/api/admin.php; config/staff_capabilities.php; staff-web/src/shared/api/staff-api.ts
Vouchers/promotions + loyalty,POST,/api/v1/admin/settings/benefits,BenefitSettingController@upsert,MetricsRequestMiddleware + ResolveCustomerAuthMiddleware + require.redis + StaffApiKeyMiddleware + staff.capability,voucher.master_data.manage,X-Staff-Key; Idempotency-Key for mutations/import commit,No,Required,none,NO,GATED/PARTIAL,MISSING/PARTIAL,HIGH,Add benefits settings upsert.,routes/api/admin.php; config/staff_capabilities.php; staff-web/src/shared/api/staff-api.ts
Admin settings / branch / table / zones / templates,GET,/api/v1/admin/settings/branches,BranchController@index,MetricsRequestMiddleware + ResolveCustomerAuthMiddleware + require.redis + StaffApiKeyMiddleware + staff.capability,settings.manage,X-Staff-Key; Idempotency-Key for mutations/import commit,No,No,none,NO,NOT_APPLICABLE,PARTIAL,MEDIUM,Complete branch registry.,routes/api/admin.php; config/staff_capabilities.php; staff-web/src/shared/api/staff-api.ts
Admin settings / branch / table / zones / templates,POST,/api/v1/admin/settings/branches,BranchController@store,MetricsRequestMiddleware + ResolveCustomerAuthMiddleware + require.redis + StaffApiKeyMiddleware + staff.capability,settings.manage,X-Staff-Key; Idempotency-Key for mutations/import commit,No,Required,none,NO,NOT_APPLICABLE,PARTIAL,MEDIUM,Complete branch create.,routes/api/admin.php; config/staff_capabilities.php; staff-web/src/shared/api/staff-api.ts
Admin settings / branch / table / zones / templates,PATCH,/api/v1/admin/settings/branches/{id},BranchController@update,MetricsRequestMiddleware + ResolveCustomerAuthMiddleware + require.redis + StaffApiKeyMiddleware + staff.capability,settings.manage,X-Staff-Key; Idempotency-Key for mutations/import commit,body.row_version required,Required,none,NO,NOT_APPLICABLE,PARTIAL/MISSING,HIGH,Complete branch update with row_version.,routes/api/admin.php; config/staff_capabilities.php; staff-web/src/shared/api/staff-api.ts
Admin settings / branch / table / zones / templates,GET,/api/v1/admin/settings/finance/tax-profile,FinanceTaxProfileController@showTaxProfile,MetricsRequestMiddleware + ResolveCustomerAuthMiddleware + require.redis + StaffApiKeyMiddleware + staff.capability,settings.manage,X-Staff-Key; Idempotency-Key for mutations/import commit,No,No,none,NO,NOT_APPLICABLE,MISSING/PARTIAL,MEDIUM,Add tax profile UI.,routes/api/admin.php; config/staff_capabilities.php; staff-web/src/shared/api/staff-api.ts
Admin settings / branch / table / zones / templates,POST,/api/v1/admin/settings/finance/tax-profile,FinanceTaxProfileController@upsertTaxProfile,MetricsRequestMiddleware + ResolveCustomerAuthMiddleware + require.redis + StaffApiKeyMiddleware + staff.capability,settings.manage,X-Staff-Key; Idempotency-Key for mutations/import commit,payload-dependent,Required,none,NO,NOT_APPLICABLE,MISSING/PARTIAL,HIGH,Add tax profile upsert validation.,routes/api/admin.php; config/staff_capabilities.php; staff-web/src/shared/api/staff-api.ts
Reporting,POST,/api/v1/admin/settings/reporting/snapshots/rebuild,ReportingSnapshotController@rebuild,MetricsRequestMiddleware + ResolveCustomerAuthMiddleware + require.redis + StaffApiKeyMiddleware + staff.capability,settings.manage,X-Staff-Key; Idempotency-Key for mutations/import commit,No,Required,none,NO,NOT_APPLICABLE,MISSING/PARTIAL,MEDIUM,Add snapshot rebuild action/confirmation.,routes/api/admin.php; config/staff_capabilities.php; staff-web/src/shared/api/staff-api.ts
Admin settings / branch / table / zones / templates,GET,/api/v1/admin/kitchen/stations,KitchenStationController@index,MetricsRequestMiddleware + ResolveCustomerAuthMiddleware + require.redis + StaffApiKeyMiddleware + staff.capability,settings.manage,X-Staff-Key; Idempotency-Key for mutations/import commit,No,No,none,NO,NOT_APPLICABLE,PARTIAL,MEDIUM,Complete station config.,routes/api/admin.php; config/staff_capabilities.php; staff-web/src/shared/api/staff-api.ts
Admin settings / branch / table / zones / templates,POST,/api/v1/admin/kitchen/stations,KitchenStationController@store,MetricsRequestMiddleware + ResolveCustomerAuthMiddleware + require.redis + StaffApiKeyMiddleware + staff.capability,settings.manage,X-Staff-Key; Idempotency-Key for mutations/import commit,No,Required,none,NO,NOT_APPLICABLE,PARTIAL/MISSING,MEDIUM,Complete station create/update/category routes.,routes/api/admin.php; config/staff_capabilities.php; staff-web/src/shared/api/staff-api.ts
Admin settings / branch / table / zones / templates,PUT,/api/v1/admin/kitchen/stations/{station_id}/category-routes,KitchenCategoryRouteController@update,MetricsRequestMiddleware + ResolveCustomerAuthMiddleware + require.redis + StaffApiKeyMiddleware + staff.capability,settings.manage,X-Staff-Key; Idempotency-Key for mutations/import commit,payload-dependent,Required,none,NO,NOT_APPLICABLE,MISSING/PARTIAL,HIGH,Add category route sync UI.,routes/api/admin.php; config/staff_capabilities.php; staff-web/src/shared/api/staff-api.ts
Admin settings / branch / table / zones / templates,GET,/api/v1/admin/restaurant/zones,RestaurantZoneController@index,MetricsRequestMiddleware + ResolveCustomerAuthMiddleware + require.redis + StaffApiKeyMiddleware + staff.capability,settings.manage,X-Staff-Key; Idempotency-Key for mutations/import commit,No,No,none,NO,NOT_APPLICABLE,PARTIAL,LOW,Complete zone list.,routes/api/admin.php; config/staff_capabilities.php; staff-web/src/shared/api/staff-api.ts
Admin settings / branch / table / zones / templates,POST,/api/v1/admin/restaurant/zones/rename,RestaurantZoneController@rename,MetricsRequestMiddleware + ResolveCustomerAuthMiddleware + require.redis + StaffApiKeyMiddleware + staff.capability,settings.manage,X-Staff-Key; Idempotency-Key for mutations/import commit,payload-dependent,Required,none,NO,NOT_APPLICABLE,MISSING/PARTIAL,MEDIUM,Add zone rename action.,routes/api/admin.php; config/staff_capabilities.php; staff-web/src/shared/api/staff-api.ts
Admin settings / branch / table / zones / templates,GET,/api/v1/admin/restaurant/tables,RestaurantTableController@index,MetricsRequestMiddleware + ResolveCustomerAuthMiddleware + require.redis + StaffApiKeyMiddleware + staff.capability,settings.manage,X-Staff-Key; Idempotency-Key for mutations/import commit,No,No,none,NO,NOT_APPLICABLE,PARTIAL,MEDIUM,Complete table registry.,routes/api/admin.php; config/staff_capabilities.php; staff-web/src/shared/api/staff-api.ts
Admin settings / branch / table / zones / templates,POST,/api/v1/admin/restaurant/tables,RestaurantTableController@store,MetricsRequestMiddleware + ResolveCustomerAuthMiddleware + require.redis + StaffApiKeyMiddleware + staff.capability,settings.manage,X-Staff-Key; Idempotency-Key for mutations/import commit,No,Required,none,NO,NOT_APPLICABLE,PARTIAL,MEDIUM,Complete table create.,routes/api/admin.php; config/staff_capabilities.php; staff-web/src/shared/api/staff-api.ts
Admin settings / branch / table / zones / templates,PATCH,/api/v1/admin/restaurant/tables/{id},RestaurantTableController@update,MetricsRequestMiddleware + ResolveCustomerAuthMiddleware + require.redis + StaffApiKeyMiddleware + staff.capability,settings.manage,X-Staff-Key; Idempotency-Key for mutations/import commit,row_version expected,Required,none,NO,NOT_APPLICABLE,PARTIAL/MISSING,HIGH,Complete table update.,routes/api/admin.php; config/staff_capabilities.php; staff-web/src/shared/api/staff-api.ts
Admin settings / branch / table / zones / templates,DELETE,/api/v1/admin/restaurant/tables/{id},RestaurantTableController@destroy,MetricsRequestMiddleware + ResolveCustomerAuthMiddleware + require.redis + StaffApiKeyMiddleware + staff.capability,settings.manage,X-Staff-Key; Idempotency-Key for mutations/import commit,row_version expected,Required,none,NO,NOT_APPLICABLE,MISSING/PARTIAL,HIGH,Add safe delete guard and active link warnings.,routes/api/admin.php; config/staff_capabilities.php; staff-web/src/shared/api/staff-api.ts
Admin settings / branch / table / zones / templates,GET,/api/v1/admin/restaurant/table-templates,TableTemplateController@index,MetricsRequestMiddleware + ResolveCustomerAuthMiddleware + require.redis + StaffApiKeyMiddleware + staff.capability,settings.manage,X-Staff-Key; Idempotency-Key for mutations/import commit,No,No,none,NO,NOT_APPLICABLE,PARTIAL,LOW,Use templates in table create.,routes/api/admin.php; config/staff_capabilities.php; staff-web/src/shared/api/staff-api.ts
Inventory/procurement,GET,/api/v1/admin/inventory/ingredients,InventoryAdjustmentController@listIngredients,MetricsRequestMiddleware + ResolveCustomerAuthMiddleware + require.redis + StaffApiKeyMiddleware + staff.capability,inventory.manage,X-Staff-Key; Idempotency-Key for mutations/import commit,No,No,inventory.uplift off prod-like,NO,NOT_APPLICABLE,PARTIAL,MEDIUM,Complete ingredients list.,routes/api/admin.php; config/staff_capabilities.php; staff-web/src/shared/api/staff-api.ts
Inventory/procurement,POST,/api/v1/admin/inventory/ingredients,InventoryAdjustmentController@createIngredient,MetricsRequestMiddleware + ResolveCustomerAuthMiddleware + require.redis + StaffApiKeyMiddleware + staff.capability,inventory.manage,X-Staff-Key; Idempotency-Key for mutations/import commit,No,Required,inventory.uplift off prod-like,NO,NOT_APPLICABLE,PARTIAL/MISSING,MEDIUM,Add ingredient create.,routes/api/admin.php; config/staff_capabilities.php; staff-web/src/shared/api/staff-api.ts
Inventory/procurement,PATCH,/api/v1/admin/inventory/ingredients/{id},InventoryAdjustmentController@updateIngredient,MetricsRequestMiddleware + ResolveCustomerAuthMiddleware + require.redis + StaffApiKeyMiddleware + staff.capability,inventory.manage,X-Staff-Key; Idempotency-Key for mutations/import commit,row_version expected,Required,inventory.uplift off prod-like,NO,NOT_APPLICABLE,MISSING/PARTIAL,HIGH,Add ingredient update row_version.,routes/api/admin.php; config/staff_capabilities.php; staff-web/src/shared/api/staff-api.ts
Inventory/procurement,GET,/api/v1/admin/inventory/menu-items/{id}/recipe,InventoryAdjustmentController@showMenuItemRecipe,MetricsRequestMiddleware + ResolveCustomerAuthMiddleware + require.redis + StaffApiKeyMiddleware + staff.capability,inventory.manage,X-Staff-Key; Idempotency-Key for mutations/import commit,No,No,inventory.uplift off prod-like,NO,NOT_APPLICABLE,MISSING/PARTIAL,MEDIUM,Add recipe viewer.,routes/api/admin.php; config/staff_capabilities.php; staff-web/src/shared/api/staff-api.ts
Inventory/procurement,PUT,/api/v1/admin/inventory/menu-items/{id}/recipe,InventoryAdjustmentController@upsertMenuItemRecipe,MetricsRequestMiddleware + ResolveCustomerAuthMiddleware + require.redis + StaffApiKeyMiddleware + staff.capability,inventory.manage,X-Staff-Key; Idempotency-Key for mutations/import commit,payload-dependent,Required,inventory.uplift off prod-like,NO,NOT_APPLICABLE,MISSING/PARTIAL,HIGH,Add recipe sync UI.,routes/api/admin.php; config/staff_capabilities.php; staff-web/src/shared/api/staff-api.ts
Inventory/procurement,GET,/api/v1/admin/inventory/ingredients/{id}/movements,InventoryAdjustmentController@listIngredientMovements,MetricsRequestMiddleware + ResolveCustomerAuthMiddleware + require.redis + StaffApiKeyMiddleware + staff.capability,inventory.manage,X-Staff-Key; Idempotency-Key for mutations/import commit,No,No,inventory.uplift off prod-like,NO,NOT_APPLICABLE,PARTIAL,MEDIUM,Complete movements list.,routes/api/admin.php; config/staff_capabilities.php; staff-web/src/shared/api/staff-api.ts
Inventory/procurement,POST,/api/v1/admin/inventory/ingredients/{id}/movements,InventoryAdjustmentController@createIngredientMovement,MetricsRequestMiddleware + ResolveCustomerAuthMiddleware + require.redis + StaffApiKeyMiddleware + staff.capability,inventory.manage,X-Staff-Key; Idempotency-Key for mutations/import commit,No,Required,inventory.uplift off prod-like,NO,NOT_APPLICABLE,PARTIAL,MEDIUM,Complete movement create validation.,routes/api/admin.php; config/staff_capabilities.php; staff-web/src/shared/api/staff-api.ts
Inventory/procurement,GET,/api/v1/admin/inventory/suppliers,ProcurementController@listSuppliers,MetricsRequestMiddleware + ResolveCustomerAuthMiddleware + require.redis + StaffApiKeyMiddleware + staff.capability,inventory.manage,X-Staff-Key; Idempotency-Key for mutations/import commit,No,No,inventory.uplift off prod-like,NO,NOT_APPLICABLE,PARTIAL,MEDIUM,Complete suppliers list.,routes/api/admin.php; config/staff_capabilities.php; staff-web/src/shared/api/staff-api.ts
Inventory/procurement,POST,/api/v1/admin/inventory/suppliers,ProcurementController@createSupplier,MetricsRequestMiddleware + ResolveCustomerAuthMiddleware + require.redis + StaffApiKeyMiddleware + staff.capability,inventory.manage,X-Staff-Key; Idempotency-Key for mutations/import commit,No,Required,inventory.uplift off prod-like,NO,NOT_APPLICABLE,PARTIAL/MISSING,MEDIUM,Complete supplier create.,routes/api/admin.php; config/staff_capabilities.php; staff-web/src/shared/api/staff-api.ts
Inventory/procurement,PATCH,/api/v1/admin/inventory/suppliers/{id},ProcurementController@updateSupplier,MetricsRequestMiddleware + ResolveCustomerAuthMiddleware + require.redis + StaffApiKeyMiddleware + staff.capability,inventory.manage,X-Staff-Key; Idempotency-Key for mutations/import commit,row_version expected,Required,inventory.uplift off prod-like,NO,NOT_APPLICABLE,MISSING/PARTIAL,HIGH,Complete supplier update row_version.,routes/api/admin.php; config/staff_capabilities.php; staff-web/src/shared/api/staff-api.ts
Inventory/procurement,GET,/api/v1/admin/inventory/purchase-orders,ProcurementController@listPurchaseOrders,MetricsRequestMiddleware + ResolveCustomerAuthMiddleware + require.redis + StaffApiKeyMiddleware + staff.capability,inventory.manage,X-Staff-Key; Idempotency-Key for mutations/import commit,No,No,inventory.uplift off prod-like,NO,NOT_APPLICABLE,PARTIAL,MEDIUM,Complete PO list.,routes/api/admin.php; config/staff_capabilities.php; staff-web/src/shared/api/staff-api.ts
Inventory/procurement,POST,/api/v1/admin/inventory/purchase-orders,ProcurementController@createPurchaseOrder,MetricsRequestMiddleware + ResolveCustomerAuthMiddleware + require.redis + StaffApiKeyMiddleware + staff.capability,inventory.manage,X-Staff-Key; Idempotency-Key for mutations/import commit,No,Required,inventory.uplift off prod-like,NO,NOT_APPLICABLE,MISSING/PARTIAL,HIGH,Complete PO create.,routes/api/admin.php; config/staff_capabilities.php; staff-web/src/shared/api/staff-api.ts
Inventory/procurement,PATCH,/api/v1/admin/inventory/purchase-orders/{id},ProcurementController@updatePurchaseOrder,MetricsRequestMiddleware + ResolveCustomerAuthMiddleware + require.redis + StaffApiKeyMiddleware + staff.capability,inventory.manage,X-Staff-Key; Idempotency-Key for mutations/import commit,row_version expected,Required,inventory.uplift off prod-like,NO,NOT_APPLICABLE,MISSING/PARTIAL,HIGH,Complete PO update.,routes/api/admin.php; config/staff_capabilities.php; staff-web/src/shared/api/staff-api.ts
Inventory/procurement,GET,/api/v1/admin/inventory/purchase-orders/{id}/receipts,ProcurementController@listPurchaseOrderReceipts,MetricsRequestMiddleware + ResolveCustomerAuthMiddleware + require.redis + StaffApiKeyMiddleware + staff.capability,inventory.manage,X-Staff-Key; Idempotency-Key for mutations/import commit,No,No,inventory.uplift off prod-like,NO,NOT_APPLICABLE,PARTIAL,MEDIUM,Complete receipts list.,routes/api/admin.php; config/staff_capabilities.php; staff-web/src/shared/api/staff-api.ts
Inventory/procurement,POST,/api/v1/admin/inventory/purchase-orders/{id}/receipts,ProcurementController@createPurchaseOrderReceipt,MetricsRequestMiddleware + ResolveCustomerAuthMiddleware + require.redis + StaffApiKeyMiddleware + staff.capability,inventory.manage,X-Staff-Key; Idempotency-Key for mutations/import commit,No,Required,inventory.uplift off prod-like,NO,NOT_APPLICABLE,MISSING/PARTIAL,HIGH,Complete receipt create.,routes/api/admin.php; config/staff_capabilities.php; staff-web/src/shared/api/staff-api.ts
Ops health/metrics/release gates,GET,/api/v1/health,HealthController@health,public,N/A,Provider signature or X-Staff-Key where applicable,No,No,none,YES backend,PARTIAL dev banner,PARTIAL access readiness,LOW,Keep public health for banner/preflight.,routes/api/ops_release.php; customer-web/src/lib/api/sdk-client.ts
Ops health/metrics/release gates,GET,/api/v1/health/detailed,HealthController@detailed,StaffApiKeyMiddleware,ops.health.view,Provider signature or X-Staff-Key where applicable,No,No,ops capability,YES backend,NOT_APPLICABLE,PARTIAL/MISSING,MEDIUM,Add guarded staff readiness details if product wants FE visibility.,routes/api/ops_release.php; customer-web/src/lib/api/sdk-client.ts
Ops health/metrics/release gates,GET,/api/v1/health/redis,HealthController@redis,StaffApiKeyMiddleware,ops.health.view,Provider signature or X-Staff-Key where applicable,No,No,ops capability,YES backend,NOT_APPLICABLE,PARTIAL/MISSING,MEDIUM,Add guarded staff Redis status if needed.,routes/api/ops_release.php; customer-web/src/lib/api/sdk-client.ts
Ops health/metrics/release gates,GET,/api/v1/metrics,MetricsController@index,StaffApiKeyMiddleware,ops.metrics.view,Provider signature or X-Staff-Key where applicable,No,No,ops capability,YES backend,NOT_APPLICABLE,MISSING/PARTIAL,MEDIUM,Add guarded metrics viewer or document backend-only.,routes/api/ops_release.php; customer-web/src/lib/api/sdk-client.ts
Ops health/metrics/release gates,POST,/api/v1/payments/providers/{provider_code}/webhooks,PaymentProviderWebhookController@handle,payment webhook throttle,N/A external provider,Provider signature or X-Staff-Key where applicable,No,No,provider config,Backend-only,NOT_APPLICABLE,NOT_APPLICABLE,LOW,No FE work; keep provider/webhook evidence in runbooks.,routes/api/ops_release.php; customer-web/src/lib/api/sdk-client.ts
